,ep_max_height,ep_spring_k,ep_zeta,rollout/ep_len_mean,rollout/ep_rew_mean,time/fps,train/approx_kl,train/clip_fraction,train/clip_range,train/entropy_loss,train/explained_variance,train/learning_rate,train/loss,train/policy_gradient_loss,train/value_loss
,value,value,value,value,value,value,value,value,value,value,value,value,value,value,value
0,0.10066301375627518,6955.03173828125,0.007504050619900227,,,,,,,,,,,,
1,0.09372075647115707,10507.4638671875,0.0028595859184861183,,,,,,,,,,,,
2,0.09301894903182983,8901.2998046875,0.0158406849950552,,,,,,,,,,,,
3,0.09912504255771637,6720.69140625,0.01302340254187584,,,,,,,,,,,,
4,0.07788979262113571,1608.756103515625,0.014443743973970413,,,,,,,,,,,,
5,0.08947405964136124,2219.492431640625,0.016998199746012688,,,,,,,,,,,,
6,0.10310118645429611,6523.6796875,0.004396939650177956,,,,,,,,,,,,
7,0.11227965354919434,3383.935302734375,0.006312331184744835,,,,,,,,,,,,
8,0.11326027661561966,3469.998291015625,0.0065319533459842205,,,,,,,,,,,,
9,0.09939742088317871,6889.70654296875,0.011284428648650646,,,,,,,,,,,,
10,0.10649343580007553,4473.72119140625,0.013667866587638855,1.0,0.09819299727678299,2.0,21.579057693481445,0.7400000095367432,0.20000000298023224,-18.41897964477539,0.0,0.019999999552965164,-0.14608220756053925,-0.11929142475128174,0.008102449588477612
11,0.09881923347711563,8003.34130859375,0.004755175672471523,,,,,,,,,,,,
12,0.1047738790512085,5720.0791015625,0.0064977495931088924,,,,,,,,,,,,
13,0.10778496414422989,4185.4619140625,0.013815481215715408,,,,,,,,,,,,
14,0.09989175945520401,7750.33642578125,0.003916291519999504,,,,,,,,,,,,
15,0.10417983680963516,5188.1474609375,0.012411341071128845,,,,,,,,,,,,
16,0.09625374525785446,7901.724609375,0.01257155742496252,,,,,,,,,,,,
17,0.09895842522382736,6964.36376953125,0.01187488716095686,,,,,,,,,,,,
18,0.1059146374464035,5443.22607421875,0.006189919076859951,,,,,,,,,,,,
19,0.10903249680995941,3763.44189453125,0.015556255355477333,,,,,,,,,,,,
20,0.0700557604432106,1171.1827392578125,0.006243924610316753,1.0,0.10070160031318665,2.0,63.256141662597656,0.8999999761581421,0.20000000298023224,-18.33485221862793,1.1920928955078125e-07,0.019999999552965164,-0.1724407821893692,-0.15530391037464142,0.0014903771225363016
21,0.09289994835853577,10585.2314453125,0.004915391560643911,,,,,,,,,,,,
22,0.06926245242357254,1179.4779052734375,0.016566157341003418,,,,,,,,,,,,
23,0.09604629129171371,9407.30859375,0.0033744373358786106,,,,,,,,,,,,
24,0.11044475436210632,3740.630126953125,0.012524752877652645,,,,,,,,,,,,
25,0.09929238259792328,2774.23583984375,0.018285328522324562,,,,,,,,,,,,
26,0.1065203994512558,5235.84521484375,0.006396939512342215,,,,,,,,,,,,
27,0.09366382658481598,9563.880859375,0.009633663110435009,,,,,,,,,,,,
28,0.11161535978317261,3406.7470703125,0.010024302639067173,,,,,,,,,,,,
29,0.10124737024307251,2791.86328125,0.01012331247329712,,,,,,,,,,,,
30,0.1019856184720993,6721.72802734375,0.005705670453608036,1.0,0.09883596748113632,2.0,176.91970825195312,0.8999999761581421,0.20000000298023224,-17.898649215698242,-1.1920928955078125e-07,0.019999999552965164,-0.1463344693183899,-0.13181741535663605,0.001044053235091269
31,0.0919305682182312,9807.5537109375,0.01368766836822033,,,,,,,,,,,,
32,0.10559714585542679,6136.91455078125,0.0012574257561936975,,,,,,,,,,,,
33,0.09311173856258392,10301.1201171875,0.00635913573205471,,,,,,,,,,,,
34,0.11309617012739182,3802.84423828125,0.005765076726675034,,,,,,,,,,,,
35,0.09756149351596832,7743.078125,0.010213321074843407,,,,,,,,,,,,
36,0.09765797108411789,7970.16015625,0.008195319212973118,,,,,,,,,,,,
37,0.09052629768848419,10460.802734375,0.013774077408015728,,,,,,,,,,,,
38,0.1080663725733757,5165.3359375,0.0035256524570286274,,,,,,,,,,,,
39,0.1010933443903923,2822.97021484375,0.013172817416489124,,,,,,,,,,,,
40,0.1095636859536171,4473.72119140625,0.0065319533459842205,1.0,0.09914262592792511,2.0,393.47967529296875,0.8999999761581421,0.20000000298023224,-17.192514419555664,0.0,0.019999999552965164,-0.16050726175308228,-0.1445322483778,0.00025207377620972693
41,0.10162284225225449,6523.6796875,0.008103510364890099,,,,,,,,,,,,
42,0.11011864244937897,3354.90185546875,0.012780377641320229,,,,,,,,,,,,
43,0.09550587832927704,8100.81005859375,0.013586858287453651,,,,,,,,,,,,
44,0.09431564062833786,9812.73828125,0.005822682287544012,,,,,,,,,,,,
45,0.10598961263895035,4526.60302734375,0.014315932057797909,,,,,,,,,,,,
46,0.09682074934244156,2528.48974609375,0.003939693793654442,,,,,,,,,,,,
47,0.09544073790311813,7788.7021484375,0.0157470740377903,,,,,,,,,,,,
48,0.09052293747663498,10477.3935546875,0.013667866587638855,,,,,,,,,,,,
49,0.10980629920959473,4499.6435546875,0.0058154817670583725,,,,,,,,,,,,
50,0.09633264690637589,8812.1259765625,0.0065319533459842205,1.0,0.09950827807188034,2.0,546.6351318359375,0.8999999761581421,0.20000000298023224,-12.13383674621582,-1.1920928955078125e-07,0.019999999552965164,-0.17434076964855194,-0.1569628119468689,0.00010653046047082171
51,0.11099473387002945,4473.72119140625,0.0033744373358786106,,,,,,,,,,,,
52,0.09393860399723053,9910.20703125,0.0065319533459842205,,,,,,,,,,,,
53,0.1095636859536171,4473.72119140625,0.0065319533459842205,,,,,,,,,,,,
54,0.1095636859536171,4473.72119140625,0.0065319533459842205,,,,,,,,,,,,
55,0.09315039217472076,10260.6806640625,0.0065319533459842205,,,,,,,,,,,,
56,0.1095636859536171,4473.72119140625,0.0065319533459842205,,,,,,,,,,,,
57,0.10104123502969742,6955.03173828125,0.0065319533459842205,,,,,,,,,,,,
58,0.10665673017501831,5188.1474609375,0.0065319533459842205,,,,,,,,,,,,
59,0.11054392158985138,4473.72119140625,0.004396939650177956,,,,,,,,,,,,
60,0.1095636859536171,4473.72119140625,0.0065319533459842205,1.0,0.10027941316366196,2.0,5.6451191902160645,0.8600000143051147,0.20000000298023224,-3.109872579574585,0.0,0.019999999552965164,-0.1760375052690506,-0.1569334864616394,7.633108180016279e-05
61,0.1095636859536171,4473.72119140625,0.0065319533459842205,,,,,,,,,,,,
62,0.1095636859536171,4473.72119140625,0.0065319533459842205,,,,,,,,,,,,
63,0.1095636859536171,4473.72119140625,0.0065319533459842205,,,,,,,,,,,,
64,0.1095636859536171,4473.72119140625,0.0065319533459842205,,,,,,,,,,,,
65,0.1095636859536171,4473.72119140625,0.0065319533459842205,,,,,,,,,,,,
66,0.1095636859536171,4473.72119140625,0.0065319533459842205,,,,,,,,,,,,
67,0.1095636859536171,4473.72119140625,0.0065319533459842205,,,,,,,,,,,,
68,0.1095636859536171,4473.72119140625,0.0065319533459842205,,,,,,,,,,,,
69,0.10213590413331985,2791.86328125,0.0065319533459842205,,,,,,,,,,,,
70,0.1095636859536171,4473.72119140625,0.0065319533459842205,1.0,0.10149966925382614,2.0,1.209197998046875,0.09000000357627869,0.20000000298023224,-0.1392219364643097,0.0,0.019999999552965164,-0.09040242433547974,-0.07808013260364532,4.660156992031261e-05
71,0.1095636859536171,4473.72119140625,0.0065319533459842205,,,,,,,,,,,,
72,0.1095636859536171,4473.72119140625,0.0065319533459842205,,,,,,,,,,,,
73,0.1095636859536171,4473.72119140625,0.0065319533459842205,,,,,,,,,,,,
74,0.1095636859536171,4473.72119140625,0.0065319533459842205,,,,,,,,,,,,
75,0.1095636859536171,4473.72119140625,0.0065319533459842205,,,,,,,,,,,,
76,0.1095636859536171,4473.72119140625,0.0065319533459842205,,,,,,,,,,,,
77,0.1095636859536171,4473.72119140625,0.0065319533459842205,,,,,,,,,,,,
78,0.1095636859536171,4473.72119140625,0.0065319533459842205,,,,,,,,,,,,
79,0.1095636859536171,4473.72119140625,0.0065319533459842205,,,,,,,,,,,,
80,0.1095636859536171,4473.72119140625,0.0065319533459842205,1.0,0.10250771045684814,2.0,0.0,0.0,0.20000000298023224,-0.0013024623040109873,,0.019999999552965164,5.193258516555943e-07,0.0,1.583314769959543e-05
81,0.1095636859536171,4473.72119140625,0.0065319533459842205,,,,,,,,,,,,
82,0.1095636859536171,4473.72119140625,0.0065319533459842205,,,,,,,,,,,,
83,0.1095636859536171,4473.72119140625,0.0065319533459842205,,,,,,,,,,,,
84,0.1095636859536171,4473.72119140625,0.0065319533459842205,,,,,,,,,,,,
85,0.1095636859536171,4473.72119140625,0.0065319533459842205,,,,,,,,,,,,
86,0.1095636859536171,4473.72119140625,0.0065319533459842205,,,,,,,,,,,,
87,0.1095636859536171,4473.72119140625,0.0065319533459842205,,,,,,,,,,,,
88,0.1095636859536171,4473.72119140625,0.0065319533459842205,,,,,,,,,,,,
89,0.1095636859536171,4473.72119140625,0.0065319533459842205,,,,,,,,,,,,
90,0.1095636859536171,4473.72119140625,0.0065319533459842205,1.0,0.10329174250364304,2.0,0.0,0.0,0.20000000298023224,-0.00030389943276531994,,0.019999999552965164,8.959962656263087e-07,0.0,5.2284126468293834e-06
91,0.1095636859536171,4473.72119140625,0.0065319533459842205,,,,,,,,,,,,
92,0.1095636859536171,4473.72119140625,0.0065319533459842205,,,,,,,,,,,,
93,0.1095636859536171,4473.72119140625,0.0065319533459842205,,,,,,,,,,,,
94,0.1095636859536171,4473.72119140625,0.0065319533459842205,,,,,,,,,,,,
95,0.1095636859536171,4473.72119140625,0.0065319533459842205,,,,,,,,,,,,
96,0.1095636859536171,4473.72119140625,0.0065319533459842205,,,,,,,,,,,,
97,0.1095636859536171,4473.72119140625,0.0065319533459842205,,,,,,,,,,,,
98,0.1095636859536171,4473.72119140625,0.0065319533459842205,,,,,,,,,,,,
99,0.1095636859536171,4473.72119140625,0.0065319533459842205,,,,,,,,,,,,
100,0.1095636859536171,4473.72119140625,0.0065319533459842205,1.0,0.10391896963119507,2.0,0.0,0.0,0.20000000298023224,-0.00018486744374968112,,0.019999999552965164,5.621010359391221e-07,0.0,1.7243494312424446e-06
101,0.1095636859536171,4473.72119140625,0.0065319533459842205,,,,,,,,,,,,
102,0.1095636859536171,4473.72119140625,0.0065319533459842205,,,,,,,,,,,,
103,0.1095636859536171,4473.72119140625,0.0065319533459842205,,,,,,,,,,,,
104,0.1095636859536171,4473.72119140625,0.0065319533459842205,,,,,,,,,,,,
105,0.1095636859536171,4473.72119140625,0.0065319533459842205,,,,,,,,,,,,
106,0.1095636859536171,4473.72119140625,0.0065319533459842205,,,,,,,,,,,,
107,0.1095636859536171,4473.72119140625,0.0065319533459842205,,,,,,,,,,,,
108,0.1095636859536171,4473.72119140625,0.0065319533459842205,,,,,,,,,,,,
109,0.1095636859536171,4473.72119140625,0.0065319533459842205,,,,,,,,,,,,
110,0.1095636859536171,4473.72119140625,0.0065319533459842205,1.0,0.10505606979131699,2.0,0.0,0.0,0.20000000298023224,-0.00015474374231416732,,0.019999999552965164,2.412530761830567e-07,0.0,5.906341016270744e-07
111,0.1095636859536171,4473.72119140625,0.0065319533459842205,,,,,,,,,,,,
112,0.1095636859536171,4473.72119140625,0.0065319533459842205,,,,,,,,,,,,
113,0.1095636859536171,4473.72119140625,0.0065319533459842205,,,,,,,,,,,,
114,0.1095636859536171,4473.72119140625,0.0065319533459842205,,,,,,,,,,,,
115,0.1095636859536171,4473.72119140625,0.0065319533459842205,,,,,,,,,,,,
116,0.1095636859536171,4473.72119140625,0.0065319533459842205,,,,,,,,,,,,
117,0.1095636859536171,4473.72119140625,0.0065319533459842205,,,,,,,,,,,,
118,0.1095636859536171,4473.72119140625,0.0065319533459842205,,,,,,,,,,,,
119,0.1095636859536171,4473.72119140625,0.0065319533459842205,,,,,,,,,,,,
120,0.1095636859536171,4473.72119140625,0.0065319533459842205,1.0,0.10569144785404205,2.0,0.0,0.0,0.20000000298023224,-0.00014466411084868014,,0.019999999552965164,8.239562276912693e-08,0.0,2.0833216751725558e-07
121,0.1095636859536171,4473.72119140625,0.0065319533459842205,,,,,,,,,,,,
122,0.1095636859536171,4473.72119140625,0.0065319533459842205,,,,,,,,,,,,
123,0.1095636859536171,4473.72119140625,0.0065319533459842205,,,,,,,,,,,,
124,0.1095636859536171,4473.72119140625,0.0065319533459842205,,,,,,,,,,,,
125,0.1095636859536171,4473.72119140625,0.0065319533459842205,,,,,,,,,,,,
126,0.1095636859536171,4473.72119140625,0.0065319533459842205,,,,,,,,,,,,
127,0.1095636859536171,4473.72119140625,0.0065319533459842205,,,,,,,,,,,,
128,0.1095636859536171,4473.72119140625,0.0065319533459842205,,,,,,,,,,,,
129,0.1095636859536171,4473.72119140625,0.0065319533459842205,,,,,,,,,,,,
130,0.1095636859536171,4473.72119140625,0.0065319533459842205,1.0,0.10713738203048706,2.0,0.0,0.0,0.20000000298023224,-0.00014148661284707487,,0.019999999552965164,2.142254018622225e-08,0.0,7.400952739544664e-08
131,0.1095636859536171,4473.72119140625,0.0065319533459842205,,,,,,,,,,,,
132,0.1095636859536171,4473.72119140625,0.0065319533459842205,,,,,,,,,,,,
133,0.1095636859536171,4473.72119140625,0.0065319533459842205,,,,,,,,,,,,
134,0.1095636859536171,4473.72119140625,0.0065319533459842205,,,,,,,,,,,,
135,0.1095636859536171,4473.72119140625,0.0065319533459842205,,,,,,,,,,,,
136,0.1095636859536171,4473.72119140625,0.0065319533459842205,,,,,,,,,,,,
137,0.1095636859536171,4473.72119140625,0.0065319533459842205,,,,,,,,,,,,
138,0.1095636859536171,4473.72119140625,0.0065319533459842205,,,,,,,,,,,,
139,0.1095636859536171,4473.72119140625,0.0065319533459842205,,,,,,,,,,,,
140,0.1095636859536171,4473.72119140625,0.0065319533459842205,1.0,0.10808751732110977,2.0,0.0,0.0,0.20000000298023224,-0.00014035028289072216,,0.019999999552965164,2.98296431999745e-09,0.0,2.6404078923292218e-08
141,0.1095636859536171,4473.72119140625,0.0065319533459842205,,,,,,,,,,,,
142,0.1095636859536171,4473.72119140625,0.0065319533459842205,,,,,,,,,,,,
143,0.1095636859536171,4473.72119140625,0.0065319533459842205,,,,,,,,,,,,
144,0.1095636859536171,4473.72119140625,0.0065319533459842205,,,,,,,,,,,,
145,0.1095636859536171,4473.72119140625,0.0065319533459842205,,,,,,,,,,,,
146,0.1095636859536171,4473.72119140625,0.0065319533459842205,,,,,,,,,,,,
147,0.1095636859536171,4473.72119140625,0.0065319533459842205,,,,,,,,,,,,
148,0.1095636859536171,4473.72119140625,0.0065319533459842205,,,,,,,,,,,,
149,0.1095636859536171,4473.72119140625,0.0065319533459842205,,,,,,,,,,,,
150,0.1095636859536171,4473.72119140625,0.0065319533459842205,1.0,0.10894683003425598,2.0,0.0,0.0,0.20000000298023224,-0.0001399404281983152,,0.019999999552965164,1.2240208846492351e-14,0.0,9.70455626969624e-09
151,0.1095636859536171,4473.72119140625,0.0065319533459842205,,,,,,,,,,,,
152,0.1095636859536171,4473.72119140625,0.0065319533459842205,,,,,,,,,,,,
153,0.1095636859536171,4473.72119140625,0.0065319533459842205,,,,,,,,,,,,
154,0.1095636859536171,4473.72119140625,0.0065319533459842205,,,,,,,,,,,,
155,0.1095636859536171,4473.72119140625,0.0065319533459842205,,,,,,,,,,,,
156,0.1095636859536171,4473.72119140625,0.0065319533459842205,,,,,,,,,,,,
157,0.1095636859536171,4473.72119140625,0.0065319533459842205,,,,,,,,,,,,
158,0.1095636859536171,4473.72119140625,0.0065319533459842205,,,,,,,,,,,,
159,0.1095636859536171,4473.72119140625,0.0065319533459842205,,,,,,,,,,,,
160,0.1095636859536171,4473.72119140625,0.0065319533459842205,1.0,0.10948971658945084,2.0,0.0,0.0,0.20000000298023224,-0.00013979236246086657,,0.019999999552965164,5.964851390594106e-10,0.0,3.7707588163016226e-09
161,0.1095636859536171,4473.72119140625,0.0065319533459842205,,,,,,,,,,,,
162,0.1095636859536171,4473.72119140625,0.0065319533459842205,,,,,,,,,,,,
163,0.1095636859536171,4473.72119140625,0.0065319533459842205,,,,,,,,,,,,
164,0.1095636859536171,4473.72119140625,0.0065319533459842205,,,,,,,,,,,,
165,0.1095636859536171,4473.72119140625,0.0065319533459842205,,,,,,,,,,,,
166,0.1095636859536171,4473.72119140625,0.0065319533459842205,,,,,,,,,,,,
167,0.1095636859536171,4473.72119140625,0.0065319533459842205,,,,,,,,,,,,
168,0.1095636859536171,4473.72119140625,0.0065319533459842205,,,,,,,,,,,,
169,0.1095636859536171,4473.72119140625,0.0065319533459842205,,,,,,,,,,,,
170,0.1095636859536171,4473.72119140625,0.0065319533459842205,1.0,0.10956399887800217,2.0,0.0,0.0,0.20000000298023224,-0.0001397393352817744,,0.019999999552965164,6.867468260729481e-10,0.0,1.4592480557240606e-09
171,0.1095636859536171,4473.72119140625,0.0065319533459842205,,,,,,,,,,,,
172,0.1095636859536171,4473.72119140625,0.0065319533459842205,,,,,,,,,,,,
173,0.1095636859536171,4473.72119140625,0.0065319533459842205,,,,,,,,,,,,
174,0.1095636859536171,4473.72119140625,0.0065319533459842205,,,,,,,,,,,,
175,0.1095636859536171,4473.72119140625,0.0065319533459842205,,,,,,,,,,,,
176,0.1095636859536171,4473.72119140625,0.0065319533459842205,,,,,,,,,,,,
177,0.1095636859536171,4473.72119140625,0.0065319533459842205,,,,,,,,,,,,
178,0.1095636859536171,4473.72119140625,0.0065319533459842205,,,,,,,,,,,,
179,0.1095636859536171,4473.72119140625,0.0065319533459842205,,,,,,,,,,,,
180,0.1095636859536171,4473.72119140625,0.0065319533459842205,1.0,0.10956399887800217,2.0,0.0,0.0,0.20000000298023224,-0.00013972021406516433,,0.019999999552965164,2.298003731748821e-10,0.0,4.863455749237744e-10
181,0.1095636859536171,4473.72119140625,0.0065319533459842205,,,,,,,,,,,,
182,0.1095636859536171,4473.72119140625,0.0065319533459842205,,,,,,,,,,,,
183,0.1095636859536171,4473.72119140625,0.0065319533459842205,,,,,,,,,,,,
184,0.1095636859536171,4473.72119140625,0.0065319533459842205,,,,,,,,,,,,
185,0.1095636859536171,4473.72119140625,0.0065319533459842205,,,,,,,,,,,,
186,0.1095636859536171,4473.72119140625,0.0065319533459842205,,,,,,,,,,,,
187,0.1095636859536171,4473.72119140625,0.0065319533459842205,,,,,,,,,,,,
188,0.1095636859536171,4473.72119140625,0.0065319533459842205,,,,,,,,,,,,
189,0.1095636859536171,4473.72119140625,0.0065319533459842205,,,,,,,,,,,,
190,0.1095636859536171,4473.72119140625,0.0065319533459842205,1.0,0.10956399887800217,2.0,0.0,0.0,0.20000000298023224,-0.0001397126616211608,,0.019999999552965164,6.053185730436894e-12,0.0,1.4272981407881247e-10
191,0.1095636859536171,4473.72119140625,0.0065319533459842205,,,,,,,,,,,,
192,0.1095636859536171,4473.72119140625,0.0065319533459842205,,,,,,,,,,,,
193,0.1095636859536171,4473.72119140625,0.0065319533459842205,,,,,,,,,,,,
194,0.1095636859536171,4473.72119140625,0.0065319533459842205,,,,,,,,,,,,
195,0.1095636859536171,4473.72119140625,0.0065319533459842205,,,,,,,,,,,,
196,0.1095636859536171,4473.72119140625,0.0065319533459842205,,,,,,,,,,,,
197,0.1095636859536171,4473.72119140625,0.0065319533459842205,,,,,,,,,,,,
198,0.1095636859536171,4473.72119140625,0.0065319533459842205,,,,,,,,,,,,
199,0.1095636859536171,4473.72119140625,0.0065319533459842205,,,,,,,,,,,,
200,0.1095636859536171,4473.72119140625,0.0065319533459842205,1.0,0.10956399887800217,2.0,0.0,0.0,0.20000000298023224,-0.00013971027510706335,,0.019999999552965164,1.6166911559478692e-11,0.0,5.715760156843608e-11
201,0.1095636859536171,4473.72119140625,0.0065319533459842205,,,,,,,,,,,,
202,0.1095636859536171,4473.72119140625,0.0065319533459842205,,,,,,,,,,,,
203,0.1095636859536171,4473.72119140625,0.0065319533459842205,,,,,,,,,,,,
204,0.1095636859536171,4473.72119140625,0.0065319533459842205,,,,,,,,,,,,
205,0.1095636859536171,4473.72119140625,0.0065319533459842205,,,,,,,,,,,,
206,0.1095636859536171,4473.72119140625,0.0065319533459842205,,,,,,,,,,,,
207,0.1095636859536171,4473.72119140625,0.0065319533459842205,,,,,,,,,,,,
208,0.1095636859536171,4473.72119140625,0.0065319533459842205,,,,,,,,,,,,
209,0.1095636859536171,4473.72119140625,0.0065319533459842205,,,,,,,,,,,,
210,0.1095636859536171,4473.72119140625,0.0065319533459842205,1.0,0.10956399887800217,2.0,0.0,0.0,0.20000000298023224,-0.00013970998406875879,,0.019999999552965164,1.1404238664525224e-11,0.0,2.3374789950847408e-11
211,0.1095636859536171,4473.72119140625,0.0065319533459842205,,,,,,,,,,,,
212,0.1095636859536171,4473.72119140625,0.0065319533459842205,,,,,,,,,,,,
213,0.1095636859536171,4473.72119140625,0.0065319533459842205,,,,,,,,,,,,
214,0.1095636859536171,4473.72119140625,0.0065319533459842205,,,,,,,,,,,,
215,0.1095636859536171,4473.72119140625,0.0065319533459842205,,,,,,,,,,,,
216,0.1095636859536171,4473.72119140625,0.0065319533459842205,,,,,,,,,,,,
217,0.1095636859536171,4473.72119140625,0.0065319533459842205,,,,,,,,,,,,
218,0.1095636859536171,4473.72119140625,0.0065319533459842205,,,,,,,,,,,,
219,0.1095636859536171,4473.72119140625,0.0065319533459842205,,,,,,,,,,,,
220,0.1095636859536171,4473.72119140625,0.0065319533459842205,1.0,0.10956399887800217,2.0,0.0,0.0,0.20000000298023224,-0.00013970998406875879,,0.019999999552965164,3.1899484410295026e-14,0.0,6.2948934259621225e-12
221,0.1095636859536171,4473.72119140625,0.0065319533459842205,,,,,,,,,,,,
222,0.1095636859536171,4473.72119140625,0.0065319533459842205,,,,,,,,,,,,
223,0.1095636859536171,4473.72119140625,0.0065319533459842205,,,,,,,,,,,,
224,0.1095636859536171,4473.72119140625,0.0065319533459842205,,,,,,,,,,,,
225,0.1095636859536171,4473.72119140625,0.0065319533459842205,,,,,,,,,,,,
226,0.1095636859536171,4473.72119140625,0.0065319533459842205,,,,,,,,,,,,
227,0.1095636859536171,4473.72119140625,0.0065319533459842205,,,,,,,,,,,,
228,0.1095636859536171,4473.72119140625,0.0065319533459842205,,,,,,,,,,,,
229,0.1095636859536171,4473.72119140625,0.0065319533459842205,,,,,,,,,,,,
230,0.1095636859536171,4473.72119140625,0.0065319533459842205,1.0,0.10956399887800217,2.0,0.0,0.0,0.20000000298023224,-0.00013970998406875879,,0.019999999552965164,1.3580692560105634e-12,0.0,2.7311026704057717e-12
231,0.1095636859536171,4473.72119140625,0.0065319533459842205,,,,,,,,,,,,
232,0.1095636859536171,4473.72119140625,0.0065319533459842205,,,,,,,,,,,,
233,0.1095636859536171,4473.72119140625,0.0065319533459842205,,,,,,,,,,,,
234,0.1095636859536171,4473.72119140625,0.0065319533459842205,,,,,,,,,,,,
235,0.1095636859536171,4473.72119140625,0.0065319533459842205,,,,,,,,,,,,
236,0.1095636859536171,4473.72119140625,0.0065319533459842205,,,,,,,,,,,,
237,0.1095636859536171,4473.72119140625,0.0065319533459842205,,,,,,,,,,,,
238,0.1095636859536171,4473.72119140625,0.0065319533459842205,,,,,,,,,,,,
239,0.1095636859536171,4473.72119140625,0.0065319533459842205,,,,,,,,,,,,
240,0.1095636859536171,4473.72119140625,0.0065319533459842205,1.0,0.10956399887800217,2.0,0.0,0.0,0.20000000298023224,-0.00013970998406875879,,0.019999999552965164,1.4348800468112766e-13,0.0,9.38196785885137e-13
241,0.1095636859536171,4473.72119140625,0.0065319533459842205,,,,,,,,,,,,
242,0.1095636859536171,4473.72119140625,0.0065319533459842205,,,,,,,,,,,,
243,0.1095636859536171,4473.72119140625,0.0065319533459842205,,,,,,,,,,,,
244,0.1095636859536171,4473.72119140625,0.0065319533459842205,,,,,,,,,,,,
245,0.1095636859536171,4473.72119140625,0.0065319533459842205,,,,,,,,,,,,
246,0.1095636859536171,4473.72119140625,0.0065319533459842205,,,,,,,,,,,,
247,0.1095636859536171,4473.72119140625,0.0065319533459842205,,,,,,,,,,,,
248,0.1095636859536171,4473.72119140625,0.0065319533459842205,,,,,,,,,,,,
249,0.1095636859536171,4473.72119140625,0.0065319533459842205,,,,,,,,,,,,
250,0.1095636859536171,4473.72119140625,0.0065319533459842205,1.0,0.10956399887800217,2.0,0.0,0.0,0.20000000298023224,-0.00013970998406875879,,0.019999999552965164,1.3214429550600926e-13,0.0,3.0859426884514984e-13
251,0.1095636859536171,4473.72119140625,0.0065319533459842205,,,,,,,,,,,,
252,0.1095636859536171,4473.72119140625,0.0065319533459842205,,,,,,,,,,,,
253,0.1095636859536171,4473.72119140625,0.0065319533459842205,,,,,,,,,,,,
254,0.1095636859536171,4473.72119140625,0.0065319533459842205,,,,,,,,,,,,
255,0.1095636859536171,4473.72119140625,0.0065319533459842205,,,,,,,,,,,,
256,0.1095636859536171,4473.72119140625,0.0065319533459842205,,,,,,,,,,,,
257,0.1095636859536171,4473.72119140625,0.0065319533459842205,,,,,,,,,,,,
258,0.1095636859536171,4473.72119140625,0.0065319533459842205,,,,,,,,,,,,
259,0.1095636859536171,4473.72119140625,0.0065319533459842205,,,,,,,,,,,,
260,0.1095636859536171,4473.72119140625,0.0065319533459842205,1.0,0.10956399887800217,2.0,0.0,0.0,0.20000000298023224,-0.00013970998406875879,,0.019999999552965164,2.0239366077729783e-14,0.0,1.19999008559718e-13
261,0.1095636859536171,4473.72119140625,0.0065319533459842205,,,,,,,,,,,,
262,0.1095636859536171,4473.72119140625,0.0065319533459842205,,,,,,,,,,,,
263,0.1095636859536171,4473.72119140625,0.0065319533459842205,,,,,,,,,,,,
264,0.1095636859536171,4473.72119140625,0.0065319533459842205,,,,,,,,,,,,
265,0.1095636859536171,4473.72119140625,0.0065319533459842205,,,,,,,,,,,,
266,0.1095636859536171,4473.72119140625,0.0065319533459842205,,,,,,,,,,,,
267,0.1095636859536171,4473.72119140625,0.0065319533459842205,,,,,,,,,,,,
268,0.1095636859536171,4473.72119140625,0.0065319533459842205,,,,,,,,,,,,
269,0.1095636859536171,4473.72119140625,0.0065319533459842205,,,,,,,,,,,,
270,0.1095636859536171,4473.72119140625,0.0065319533459842205,1.0,0.10956399887800217,2.0,0.0,0.0,0.20000000298023224,-0.00013970998406875879,,0.019999999552965164,1.89098733281148e-14,0.0,3.73373546165047e-14
271,0.1095636859536171,4473.72119140625,0.0065319533459842205,,,,,,,,,,,,
272,0.1095636859536171,4473.72119140625,0.0065319533459842205,,,,,,,,,,,,
273,0.1095636859536171,4473.72119140625,0.0065319533459842205,,,,,,,,,,,,
274,0.1095636859536171,4473.72119140625,0.0065319533459842205,,,,,,,,,,,,
275,0.1095636859536171,4473.72119140625,0.0065319533459842205,,,,,,,,,,,,
276,0.1095636859536171,4473.72119140625,0.0065319533459842205,,,,,,,,,,,,
277,0.1095636859536171,4473.72119140625,0.0065319533459842205,,,,,,,,,,,,
278,0.1095636859536171,4473.72119140625,0.0065319533459842205,,,,,,,,,,,,
279,0.1095636859536171,4473.72119140625,0.0065319533459842205,,,,,,,,,,,,
280,0.1095636859536171,4473.72119140625,0.0065319533459842205,1.0,0.10956399887800217,2.0,0.0,0.0,0.20000000298023224,-0.00013970998406875879,,0.019999999552965164,3.386180172167168e-16,0.0,1.4175327612295317e-14
281,0.1095636859536171,4473.72119140625,0.0065319533459842205,,,,,,,,,,,,
282,0.1095636859536171,4473.72119140625,0.0065319533459842205,,,,,,,,,,,,
283,0.1095636859536171,4473.72119140625,0.0065319533459842205,,,,,,,,,,,,
284,0.1095636859536171,4473.72119140625,0.0065319533459842205,,,,,,,,,,,,
285,0.1095636859536171,4473.72119140625,0.0065319533459842205,,,,,,,,,,,,
286,0.1095636859536171,4473.72119140625,0.0065319533459842205,,,,,,,,,,,,
287,0.1095636859536171,4473.72119140625,0.0065319533459842205,,,,,,,,,,,,
288,0.1095636859536171,4473.72119140625,0.0065319533459842205,,,,,,,,,,,,
289,0.1095636859536171,4473.72119140625,0.0065319533459842205,,,,,,,,,,,,
290,0.1095636859536171,4473.72119140625,0.0065319533459842205,1.0,0.10956399887800217,2.0,0.0,0.0,0.20000000298023224,-0.00013970998406875879,,0.019999999552965164,2.0705658985742696e-15,0.0,4.400924001851485e-15
291,0.1095636859536171,4473.72119140625,0.0065319533459842205,,,,,,,,,,,,
292,0.1095636859536171,4473.72119140625,0.0065319533459842205,,,,,,,,,,,,
293,0.1095636859536171,4473.72119140625,0.0065319533459842205,,,,,,,,,,,,
294,0.1095636859536171,4473.72119140625,0.0065319533459842205,,,,,,,,,,,,
295,0.1095636859536171,4473.72119140625,0.0065319533459842205,,,,,,,,,,,,
296,0.1095636859536171,4473.72119140625,0.0065319533459842205,,,,,,,,,,,,
297,0.1095636859536171,4473.72119140625,0.0065319533459842205,,,,,,,,,,,,
298,0.1095636859536171,4473.72119140625,0.0065319533459842205,,,,,,,,,,,,
299,0.1095636859536171,4473.72119140625,0.0065319533459842205,,,,,,,,,,,,
300,0.1095636859536171,4473.72119140625,0.0065319533459842205,1.0,0.10956399887800217,2.0,0.0,0.0,0.20000000298023224,-0.00013970998406875879,,0.019999999552965164,4.94049224782371e-16,0.0,1.2972955449821891e-15
301,0.1095636859536171,4473.72119140625,0.0065319533459842205,,,,,,,,,,,,
302,0.1095636859536171,4473.72119140625,0.0065319533459842205,,,,,,,,,,,,
303,0.1095636859536171,4473.72119140625,0.0065319533459842205,,,,,,,,,,,,
304,0.1095636859536171,4473.72119140625,0.0065319533459842205,,,,,,,,,,,,
305,0.1095636859536171,4473.72119140625,0.0065319533459842205,,,,,,,,,,,,
306,0.1095636859536171,4473.72119140625,0.0065319533459842205,,,,,,,,,,,,
307,0.1095636859536171,4473.72119140625,0.0065319533459842205,,,,,,,,,,,,
308,0.1095636859536171,4473.72119140625,0.0065319533459842205,,,,,,,,,,,,
309,0.1095636859536171,4473.72119140625,0.0065319533459842205,,,,,,,,,,,,
310,0.1095636859536171,4473.72119140625,0.0065319533459842205,1.0,0.10956399887800217,2.0,0.0,0.0,0.20000000298023224,-0.00013970998406875879,,0.019999999552965164,2.498001805406602e-16,0.0,5.806466439965392e-16
311,0.1095636859536171,4473.72119140625,0.0065319533459842205,,,,,,,,,,,,
312,0.1095636859536171,4473.72119140625,0.0065319533459842205,,,,,,,,,,,,
313,0.1095636859536171,4473.72119140625,0.0065319533459842205,,,,,,,,,,,,
314,0.1095636859536171,4473.72119140625,0.0065319533459842205,,,,,,,,,,,,
315,0.1095636859536171,4473.72119140625,0.0065319533459842205,,,,,,,,,,,,
316,0.1095636859536171,4473.72119140625,0.0065319533459842205,,,,,,,,,,,,
317,0.1095636859536171,4473.72119140625,0.0065319533459842205,,,,,,,,,,,,
318,0.1095636859536171,4473.72119140625,0.0065319533459842205,,,,,,,,,,,,
319,0.1095636859536171,4473.72119140625,0.0065319533459842205,,,,,,,,,,,,
320,0.1095636859536171,4473.72119140625,0.0065319533459842205,1.0,0.10956399887800217,2.0,0.0,0.0,0.20000000298023224,-0.00013970998406875879,,0.019999999552965164,2.7755575615628914e-17,0.0,2.0095036110440623e-16
321,0.1095636859536171,4473.72119140625,0.0065319533459842205,,,,,,,,,,,,
322,0.1095636859536171,4473.72119140625,0.0065319533459842205,,,,,,,,,,,,
323,0.1095636859536171,4473.72119140625,0.0065319533459842205,,,,,,,,,,,,
324,0.1095636859536171,4473.72119140625,0.0065319533459842205,,,,,,,,,,,,
325,0.1095636859536171,4473.72119140625,0.0065319533459842205,,,,,,,,,,,,
326,0.1095636859536171,4473.72119140625,0.0065319533459842205,,,,,,,,,,,,
327,0.1095636859536171,4473.72119140625,0.0065319533459842205,,,,,,,,,,,,
328,0.1095636859536171,4473.72119140625,0.0065319533459842205,,,,,,,,,,,,
329,0.1095636859536171,4473.72119140625,0.0065319533459842205,,,,,,,,,,,,
330,0.1095636859536171,4473.72119140625,0.0065319533459842205,1.0,0.10956399887800217,2.0,0.0,0.0,0.20000000298023224,-0.00013970998406875879,,0.019999999552965164,2.2204460823375376e-17,0.0,8.992806525933548e-17
331,0.1095636859536171,4473.72119140625,0.0065319533459842205,,,,,,,,,,,,
332,0.1095636859536171,4473.72119140625,0.0065319533459842205,,,,,,,,,,,,
333,0.1095636859536171,4473.72119140625,0.0065319533459842205,,,,,,,,,,,,
334,0.1095636859536171,4473.72119140625,0.0065319533459842205,,,,,,,,,,,,
335,0.1095636859536171,4473.72119140625,0.0065319533459842205,,,,,,,,,,,,
336,0.1095636859536171,4473.72119140625,0.0065319533459842205,,,,,,,,,,,,
337,0.1095636859536171,4473.72119140625,0.0065319533459842205,,,,,,,,,,,,
338,0.1095636859536171,4473.72119140625,0.0065319533459842205,,,,,,,,,,,,
339,0.1095636859536171,4473.72119140625,0.0065319533459842205,,,,,,,,,,,,
340,0.1095636859536171,4473.72119140625,0.0065319533459842205,1.0,0.10956399887800217,2.0,0.0,0.0,0.20000000298023224,-0.00013970998406875879,,0.019999999552965164,9.436895974011627e-17,0.0,1.0547118601590089e-16
341,0.1095636859536171,4473.72119140625,0.0065319533459842205,,,,,,,,,,,,
342,0.1095636859536171,4473.72119140625,0.0065319533459842205,,,,,,,,,,,,
343,0.1095636859536171,4473.72119140625,0.0065319533459842205,,,,,,,,,,,,
344,0.1095636859536171,4473.72119140625,0.0065319533459842205,,,,,,,,,,,,
345,0.1095636859536171,4473.72119140625,0.0065319533459842205,,,,,,,,,,,,
346,0.1095636859536171,4473.72119140625,0.0065319533459842205,,,,,,,,,,,,
347,0.1095636859536171,4473.72119140625,0.0065319533459842205,,,,,,,,,,,,
348,0.1095636859536171,4473.72119140625,0.0065319533459842205,,,,,,,,,,,,
349,0.1095636859536171,4473.72119140625,0.0065319533459842205,,,,,,,,,,,,
350,0.1095636859536171,4473.72119140625,0.0065319533459842205,1.0,0.10956399887800217,2.0,0.0,0.0,0.20000000298023224,-0.00013970998406875879,,0.019999999552965164,2.7755575615628914e-17,0.0,8.992806525933548e-17
351,0.1095636859536171,4473.72119140625,0.0065319533459842205,,,,,,,,,,,,
352,0.1095636859536171,4473.72119140625,0.0065319533459842205,,,,,,,,,,,,
353,0.1095636859536171,4473.72119140625,0.0065319533459842205,,,,,,,,,,,,
354,0.1095636859536171,4473.72119140625,0.0065319533459842205,,,,,,,,,,,,
355,0.1095636859536171,4473.72119140625,0.0065319533459842205,,,,,,,,,,,,
356,0.1095636859536171,4473.72119140625,0.0065319533459842205,,,,,,,,,,,,
357,0.1095636859536171,4473.72119140625,0.0065319533459842205,,,,,,,,,,,,
358,0.1095636859536171,4473.72119140625,0.0065319533459842205,,,,,,,,,,,,
359,0.1095636859536171,4473.72119140625,0.0065319533459842205,,,,,,,,,,,,
360,0.1095636859536171,4473.72119140625,0.0065319533459842205,1.0,0.10956399887800217,2.0,0.0,0.0,0.20000000298023224,-0.00013970998406875879,,0.019999999552965164,5.551115205843844e-18,0.0,2.7200464632711927e-17
361,0.1095636859536171,4473.72119140625,0.0065319533459842205,,,,,,,,,,,,
362,0.1095636859536171,4473.72119140625,0.0065319533459842205,,,,,,,,,,,,
363,0.1095636859536171,4473.72119140625,0.0065319533459842205,,,,,,,,,,,,
364,0.1095636859536171,4473.72119140625,0.0065319533459842205,,,,,,,,,,,,
365,0.1095636859536171,4473.72119140625,0.0065319533459842205,,,,,,,,,,,,
366,0.1095636859536171,4473.72119140625,0.0065319533459842205,,,,,,,,,,,,
367,0.1095636859536171,4473.72119140625,0.0065319533459842205,,,,,,,,,,,,
368,0.1095636859536171,4473.72119140625,0.0065319533459842205,,,,,,,,,,,,
369,0.1095636859536171,4473.72119140625,0.0065319533459842205,,,,,,,,,,,,
370,0.1095636859536171,4473.72119140625,0.0065319533459842205,1.0,0.10956399887800217,2.0,0.0,0.0,0.20000000298023224,-0.00013970998406875879,,0.019999999552965164,0.0,0.0,3.3306692062243676e-18
371,0.1095636859536171,4473.72119140625,0.0065319533459842205,,,,,,,,,,,,
372,0.1095636859536171,4473.72119140625,0.0065319533459842205,,,,,,,,,,,,
373,0.1095636859536171,4473.72119140625,0.0065319533459842205,,,,,,,,,,,,
374,0.1095636859536171,4473.72119140625,0.0065319533459842205,,,,,,,,,,,,
375,0.1095636859536171,4473.72119140625,0.0065319533459842205,,,,,,,,,,,,
376,0.1095636859536171,4473.72119140625,0.0065319533459842205,,,,,,,,,,,,
377,0.1095636859536171,4473.72119140625,0.0065319533459842205,,,,,,,,,,,,
378,0.1095636859536171,4473.72119140625,0.0065319533459842205,,,,,,,,,,,,
379,0.1095636859536171,4473.72119140625,0.0065319533459842205,,,,,,,,,,,,
380,0.1095636859536171,4473.72119140625,0.0065319533459842205,1.0,0.10956399887800217,2.0,0.0,0.0,0.20000000298023224,-0.00013970998406875879,,0.019999999552965164,0.0,0.0,0.0
381,0.1095636859536171,4473.72119140625,0.0065319533459842205,,,,,,,,,,,,
382,0.1095636859536171,4473.72119140625,0.0065319533459842205,,,,,,,,,,,,
383,0.1095636859536171,4473.72119140625,0.0065319533459842205,,,,,,,,,,,,
384,0.1095636859536171,4473.72119140625,0.0065319533459842205,,,,,,,,,,,,
385,0.1095636859536171,4473.72119140625,0.0065319533459842205,,,,,,,,,,,,
386,0.1095636859536171,4473.72119140625,0.0065319533459842205,,,,,,,,,,,,
387,0.1095636859536171,4473.72119140625,0.0065319533459842205,,,,,,,,,,,,
388,0.1095636859536171,4473.72119140625,0.0065319533459842205,,,,,,,,,,,,
389,0.1095636859536171,4473.72119140625,0.0065319533459842205,,,,,,,,,,,,
390,0.1095636859536171,4473.72119140625,0.0065319533459842205,1.0,0.10956399887800217,2.0,0.0,0.0,0.20000000298023224,-0.00013970998406875879,,0.019999999552965164,0.0,0.0,0.0
391,0.1095636859536171,4473.72119140625,0.0065319533459842205,,,,,,,,,,,,
392,0.1095636859536171,4473.72119140625,0.0065319533459842205,,,,,,,,,,,,
393,0.1095636859536171,4473.72119140625,0.0065319533459842205,,,,,,,,,,,,
394,0.1095636859536171,4473.72119140625,0.0065319533459842205,,,,,,,,,,,,
395,0.1095636859536171,4473.72119140625,0.0065319533459842205,,,,,,,,,,,,
396,0.1095636859536171,4473.72119140625,0.0065319533459842205,,,,,,,,,,,,
397,0.1095636859536171,4473.72119140625,0.0065319533459842205,,,,,,,,,,,,
398,0.1095636859536171,4473.72119140625,0.0065319533459842205,,,,,,,,,,,,
399,0.1095636859536171,4473.72119140625,0.0065319533459842205,,,,,,,,,,,,
400,0.1095636859536171,4473.72119140625,0.0065319533459842205,1.0,0.10956399887800217,2.0,0.0,0.0,0.20000000298023224,-0.00013970998406875879,,0.019999999552965164,0.0,0.0,0.0
401,0.1095636859536171,4473.72119140625,0.0065319533459842205,,,,,,,,,,,,
402,0.1095636859536171,4473.72119140625,0.0065319533459842205,,,,,,,,,,,,
403,0.1095636859536171,4473.72119140625,0.0065319533459842205,,,,,,,,,,,,
404,0.1095636859536171,4473.72119140625,0.0065319533459842205,,,,,,,,,,,,
405,0.1095636859536171,4473.72119140625,0.0065319533459842205,,,,,,,,,,,,
406,0.1095636859536171,4473.72119140625,0.0065319533459842205,,,,,,,,,,,,
407,0.1095636859536171,4473.72119140625,0.0065319533459842205,,,,,,,,,,,,
408,0.1095636859536171,4473.72119140625,0.0065319533459842205,,,,,,,,,,,,
409,0.1095636859536171,4473.72119140625,0.0065319533459842205,,,,,,,,,,,,
410,0.1095636859536171,4473.72119140625,0.0065319533459842205,1.0,0.10956399887800217,2.0,0.0,0.0,0.20000000298023224,-0.00013970998406875879,,0.019999999552965164,0.0,0.0,0.0
411,0.1095636859536171,4473.72119140625,0.0065319533459842205,,,,,,,,,,,,
412,0.1095636859536171,4473.72119140625,0.0065319533459842205,,,,,,,,,,,,
413,0.1095636859536171,4473.72119140625,0.0065319533459842205,,,,,,,,,,,,
414,0.1095636859536171,4473.72119140625,0.0065319533459842205,,,,,,,,,,,,
415,0.1095636859536171,4473.72119140625,0.0065319533459842205,,,,,,,,,,,,
416,0.1095636859536171,4473.72119140625,0.0065319533459842205,,,,,,,,,,,,
417,0.1095636859536171,4473.72119140625,0.0065319533459842205,,,,,,,,,,,,
418,0.1095636859536171,4473.72119140625,0.0065319533459842205,,,,,,,,,,,,
419,0.1095636859536171,4473.72119140625,0.0065319533459842205,,,,,,,,,,,,
420,0.1095636859536171,4473.72119140625,0.0065319533459842205,1.0,0.10956399887800217,2.0,0.0,0.0,0.20000000298023224,-0.00013970998406875879,,0.019999999552965164,0.0,0.0,0.0
421,0.1095636859536171,4473.72119140625,0.0065319533459842205,,,,,,,,,,,,
422,0.1095636859536171,4473.72119140625,0.0065319533459842205,,,,,,,,,,,,
423,0.1095636859536171,4473.72119140625,0.0065319533459842205,,,,,,,,,,,,
424,0.1095636859536171,4473.72119140625,0.0065319533459842205,,,,,,,,,,,,
425,0.1095636859536171,4473.72119140625,0.0065319533459842205,,,,,,,,,,,,
426,0.1095636859536171,4473.72119140625,0.0065319533459842205,,,,,,,,,,,,
427,0.1095636859536171,4473.72119140625,0.0065319533459842205,,,,,,,,,,,,
428,0.1095636859536171,4473.72119140625,0.0065319533459842205,,,,,,,,,,,,
429,0.1095636859536171,4473.72119140625,0.0065319533459842205,,,,,,,,,,,,
430,0.1095636859536171,4473.72119140625,0.0065319533459842205,1.0,0.10956399887800217,2.0,0.0,0.0,0.20000000298023224,-0.00013970998406875879,,0.019999999552965164,0.0,0.0,0.0
431,0.1095636859536171,4473.72119140625,0.0065319533459842205,,,,,,,,,,,,
432,0.1095636859536171,4473.72119140625,0.0065319533459842205,,,,,,,,,,,,
433,0.1095636859536171,4473.72119140625,0.0065319533459842205,,,,,,,,,,,,
434,0.1095636859536171,4473.72119140625,0.0065319533459842205,,,,,,,,,,,,
435,0.1095636859536171,4473.72119140625,0.0065319533459842205,,,,,,,,,,,,
436,0.1095636859536171,4473.72119140625,0.0065319533459842205,,,,,,,,,,,,
437,0.1095636859536171,4473.72119140625,0.0065319533459842205,,,,,,,,,,,,
438,0.1095636859536171,4473.72119140625,0.0065319533459842205,,,,,,,,,,,,
439,0.1095636859536171,4473.72119140625,0.0065319533459842205,,,,,,,,,,,,
440,0.1095636859536171,4473.72119140625,0.0065319533459842205,1.0,0.10956399887800217,2.0,0.0,0.0,0.20000000298023224,-0.00013970998406875879,,0.019999999552965164,0.0,0.0,0.0
441,0.1095636859536171,4473.72119140625,0.0065319533459842205,,,,,,,,,,,,
442,0.1095636859536171,4473.72119140625,0.0065319533459842205,,,,,,,,,,,,
443,0.1095636859536171,4473.72119140625,0.0065319533459842205,,,,,,,,,,,,
444,0.1095636859536171,4473.72119140625,0.0065319533459842205,,,,,,,,,,,,
445,0.1095636859536171,4473.72119140625,0.0065319533459842205,,,,,,,,,,,,
446,0.1095636859536171,4473.72119140625,0.0065319533459842205,,,,,,,,,,,,
447,0.1095636859536171,4473.72119140625,0.0065319533459842205,,,,,,,,,,,,
448,0.1095636859536171,4473.72119140625,0.0065319533459842205,,,,,,,,,,,,
449,0.1095636859536171,4473.72119140625,0.0065319533459842205,,,,,,,,,,,,
450,0.1095636859536171,4473.72119140625,0.0065319533459842205,1.0,0.10956399887800217,2.0,0.0,0.0,0.20000000298023224,-0.00013970998406875879,,0.019999999552965164,0.0,0.0,0.0
451,0.1095636859536171,4473.72119140625,0.0065319533459842205,,,,,,,,,,,,
452,0.1095636859536171,4473.72119140625,0.0065319533459842205,,,,,,,,,,,,
453,0.1095636859536171,4473.72119140625,0.0065319533459842205,,,,,,,,,,,,
454,0.1095636859536171,4473.72119140625,0.0065319533459842205,,,,,,,,,,,,
455,0.1095636859536171,4473.72119140625,0.0065319533459842205,,,,,,,,,,,,
456,0.1095636859536171,4473.72119140625,0.0065319533459842205,,,,,,,,,,,,
457,0.1095636859536171,4473.72119140625,0.0065319533459842205,,,,,,,,,,,,
458,0.1095636859536171,4473.72119140625,0.0065319533459842205,,,,,,,,,,,,
459,0.1095636859536171,4473.72119140625,0.0065319533459842205,,,,,,,,,,,,
460,0.1095636859536171,4473.72119140625,0.0065319533459842205,1.0,0.10956399887800217,2.0,0.0,0.0,0.20000000298023224,-0.00013970998406875879,,0.019999999552965164,0.0,0.0,0.0
461,0.1095636859536171,4473.72119140625,0.0065319533459842205,,,,,,,,,,,,
462,0.1095636859536171,4473.72119140625,0.0065319533459842205,,,,,,,,,,,,
463,0.1095636859536171,4473.72119140625,0.0065319533459842205,,,,,,,,,,,,
464,0.1095636859536171,4473.72119140625,0.0065319533459842205,,,,,,,,,,,,
465,0.1095636859536171,4473.72119140625,0.0065319533459842205,,,,,,,,,,,,
466,0.1095636859536171,4473.72119140625,0.0065319533459842205,,,,,,,,,,,,
467,0.1095636859536171,4473.72119140625,0.0065319533459842205,,,,,,,,,,,,
468,0.1095636859536171,4473.72119140625,0.0065319533459842205,,,,,,,,,,,,
469,0.1095636859536171,4473.72119140625,0.0065319533459842205,,,,,,,,,,,,
470,0.1095636859536171,4473.72119140625,0.0065319533459842205,1.0,0.10956399887800217,2.0,0.0,0.0,0.20000000298023224,-0.00013970998406875879,,0.019999999552965164,0.0,0.0,0.0
471,0.1095636859536171,4473.72119140625,0.0065319533459842205,,,,,,,,,,,,
472,0.1095636859536171,4473.72119140625,0.0065319533459842205,,,,,,,,,,,,
473,0.1095636859536171,4473.72119140625,0.0065319533459842205,,,,,,,,,,,,
474,0.1095636859536171,4473.72119140625,0.0065319533459842205,,,,,,,,,,,,
475,0.1095636859536171,4473.72119140625,0.0065319533459842205,,,,,,,,,,,,
476,0.1095636859536171,4473.72119140625,0.0065319533459842205,,,,,,,,,,,,
477,0.1095636859536171,4473.72119140625,0.0065319533459842205,,,,,,,,,,,,
478,0.1095636859536171,4473.72119140625,0.0065319533459842205,,,,,,,,,,,,
479,0.1095636859536171,4473.72119140625,0.0065319533459842205,,,,,,,,,,,,
480,0.1095636859536171,4473.72119140625,0.0065319533459842205,1.0,0.10956399887800217,2.0,0.0,0.0,0.20000000298023224,-0.00013970998406875879,,0.019999999552965164,0.0,0.0,0.0
481,0.1095636859536171,4473.72119140625,0.0065319533459842205,,,,,,,,,,,,
482,0.1095636859536171,4473.72119140625,0.0065319533459842205,,,,,,,,,,,,
483,0.1095636859536171,4473.72119140625,0.0065319533459842205,,,,,,,,,,,,
484,0.1095636859536171,4473.72119140625,0.0065319533459842205,,,,,,,,,,,,
485,0.1095636859536171,4473.72119140625,0.0065319533459842205,,,,,,,,,,,,
486,0.1095636859536171,4473.72119140625,0.0065319533459842205,,,,,,,,,,,,
487,0.1095636859536171,4473.72119140625,0.0065319533459842205,,,,,,,,,,,,
488,0.1095636859536171,4473.72119140625,0.0065319533459842205,,,,,,,,,,,,
489,0.1095636859536171,4473.72119140625,0.0065319533459842205,,,,,,,,,,,,
490,0.1095636859536171,4473.72119140625,0.0065319533459842205,1.0,0.10956399887800217,2.0,0.0,0.0,0.20000000298023224,-0.00013970998406875879,,0.019999999552965164,0.0,0.0,0.0
491,0.1095636859536171,4473.72119140625,0.0065319533459842205,,,,,,,,,,,,
492,0.1095636859536171,4473.72119140625,0.0065319533459842205,,,,,,,,,,,,
493,0.1095636859536171,4473.72119140625,0.0065319533459842205,,,,,,,,,,,,
494,0.1095636859536171,4473.72119140625,0.0065319533459842205,,,,,,,,,,,,
495,0.1095636859536171,4473.72119140625,0.0065319533459842205,,,,,,,,,,,,
496,0.1095636859536171,4473.72119140625,0.0065319533459842205,,,,,,,,,,,,
497,0.1095636859536171,4473.72119140625,0.0065319533459842205,,,,,,,,,,,,
498,0.1095636859536171,4473.72119140625,0.0065319533459842205,,,,,,,,,,,,
499,0.1095636859536171,4473.72119140625,0.0065319533459842205,,,,,,,,,,,,
500,0.1095636859536171,4473.72119140625,0.0065319533459842205,1.0,0.10956399887800217,2.0,0.0,0.0,0.20000000298023224,-0.00013970998406875879,,0.019999999552965164,0.0,0.0,0.0
501,0.1095636859536171,4473.72119140625,0.0065319533459842205,,,,,,,,,,,,
502,0.1095636859536171,4473.72119140625,0.0065319533459842205,,,,,,,,,,,,
503,0.1095636859536171,4473.72119140625,0.0065319533459842205,,,,,,,,,,,,
504,0.1095636859536171,4473.72119140625,0.0065319533459842205,,,,,,,,,,,,
505,0.1095636859536171,4473.72119140625,0.0065319533459842205,,,,,,,,,,,,
506,0.1095636859536171,4473.72119140625,0.0065319533459842205,,,,,,,,,,,,
507,0.1095636859536171,4473.72119140625,0.0065319533459842205,,,,,,,,,,,,
508,0.1095636859536171,4473.72119140625,0.0065319533459842205,,,,,,,,,,,,
509,0.1095636859536171,4473.72119140625,0.0065319533459842205,,,,,,,,,,,,
510,0.1095636859536171,4473.72119140625,0.0065319533459842205,1.0,0.10956399887800217,2.0,0.0,0.0,0.20000000298023224,-0.00013970998406875879,,0.019999999552965164,0.0,0.0,0.0
511,0.1095636859536171,4473.72119140625,0.0065319533459842205,,,,,,,,,,,,
512,0.1095636859536171,4473.72119140625,0.0065319533459842205,,,,,,,,,,,,
513,0.1095636859536171,4473.72119140625,0.0065319533459842205,,,,,,,,,,,,
514,0.1095636859536171,4473.72119140625,0.0065319533459842205,,,,,,,,,,,,
515,0.1095636859536171,4473.72119140625,0.0065319533459842205,,,,,,,,,,,,
516,0.1095636859536171,4473.72119140625,0.0065319533459842205,,,,,,,,,,,,
517,0.1095636859536171,4473.72119140625,0.0065319533459842205,,,,,,,,,,,,
518,0.1095636859536171,4473.72119140625,0.0065319533459842205,,,,,,,,,,,,
519,0.1095636859536171,4473.72119140625,0.0065319533459842205,,,,,,,,,,,,
520,0.1095636859536171,4473.72119140625,0.0065319533459842205,1.0,0.10956399887800217,2.0,0.0,0.0,0.20000000298023224,-0.00013970998406875879,,0.019999999552965164,0.0,0.0,0.0
521,0.1095636859536171,4473.72119140625,0.0065319533459842205,,,,,,,,,,,,
522,0.1095636859536171,4473.72119140625,0.0065319533459842205,,,,,,,,,,,,
523,0.1095636859536171,4473.72119140625,0.0065319533459842205,,,,,,,,,,,,
524,0.1095636859536171,4473.72119140625,0.0065319533459842205,,,,,,,,,,,,
525,0.1095636859536171,4473.72119140625,0.0065319533459842205,,,,,,,,,,,,
526,0.1095636859536171,4473.72119140625,0.0065319533459842205,,,,,,,,,,,,
527,0.1095636859536171,4473.72119140625,0.0065319533459842205,,,,,,,,,,,,
528,0.1095636859536171,4473.72119140625,0.0065319533459842205,,,,,,,,,,,,
529,0.1095636859536171,4473.72119140625,0.0065319533459842205,,,,,,,,,,,,
530,0.1095636859536171,4473.72119140625,0.0065319533459842205,1.0,0.10956399887800217,2.0,0.0,0.0,0.20000000298023224,-0.00013970998406875879,,0.019999999552965164,0.0,0.0,0.0
531,0.1095636859536171,4473.72119140625,0.0065319533459842205,,,,,,,,,,,,
532,0.1095636859536171,4473.72119140625,0.0065319533459842205,,,,,,,,,,,,
533,0.1095636859536171,4473.72119140625,0.0065319533459842205,,,,,,,,,,,,
534,0.1095636859536171,4473.72119140625,0.0065319533459842205,,,,,,,,,,,,
535,0.1095636859536171,4473.72119140625,0.0065319533459842205,,,,,,,,,,,,
536,0.1095636859536171,4473.72119140625,0.0065319533459842205,,,,,,,,,,,,
537,0.1095636859536171,4473.72119140625,0.0065319533459842205,,,,,,,,,,,,
538,0.1095636859536171,4473.72119140625,0.0065319533459842205,,,,,,,,,,,,
539,0.1095636859536171,4473.72119140625,0.0065319533459842205,,,,,,,,,,,,
540,0.1095636859536171,4473.72119140625,0.0065319533459842205,1.0,0.10956399887800217,2.0,0.0,0.0,0.20000000298023224,-0.00013970998406875879,,0.019999999552965164,0.0,0.0,0.0
541,0.1095636859536171,4473.72119140625,0.0065319533459842205,,,,,,,,,,,,
542,0.1095636859536171,4473.72119140625,0.0065319533459842205,,,,,,,,,,,,
543,0.1095636859536171,4473.72119140625,0.0065319533459842205,,,,,,,,,,,,
544,0.1095636859536171,4473.72119140625,0.0065319533459842205,,,,,,,,,,,,
545,0.1095636859536171,4473.72119140625,0.0065319533459842205,,,,,,,,,,,,
546,0.1095636859536171,4473.72119140625,0.0065319533459842205,,,,,,,,,,,,
547,0.1095636859536171,4473.72119140625,0.0065319533459842205,,,,,,,,,,,,
548,0.1095636859536171,4473.72119140625,0.0065319533459842205,,,,,,,,,,,,
549,0.1095636859536171,4473.72119140625,0.0065319533459842205,,,,,,,,,,,,
550,0.1095636859536171,4473.72119140625,0.0065319533459842205,1.0,0.10956399887800217,2.0,0.0,0.0,0.20000000298023224,-0.00013970998406875879,,0.019999999552965164,0.0,0.0,0.0
551,0.1095636859536171,4473.72119140625,0.0065319533459842205,,,,,,,,,,,,
552,0.1095636859536171,4473.72119140625,0.0065319533459842205,,,,,,,,,,,,
553,0.1095636859536171,4473.72119140625,0.0065319533459842205,,,,,,,,,,,,
554,0.1095636859536171,4473.72119140625,0.0065319533459842205,,,,,,,,,,,,
555,0.1095636859536171,4473.72119140625,0.0065319533459842205,,,,,,,,,,,,
556,0.1095636859536171,4473.72119140625,0.0065319533459842205,,,,,,,,,,,,
557,0.1095636859536171,4473.72119140625,0.0065319533459842205,,,,,,,,,,,,
558,0.1095636859536171,4473.72119140625,0.0065319533459842205,,,,,,,,,,,,
559,0.1095636859536171,4473.72119140625,0.0065319533459842205,,,,,,,,,,,,
560,0.1095636859536171,4473.72119140625,0.0065319533459842205,1.0,0.10956399887800217,2.0,0.0,0.0,0.20000000298023224,-0.00013970998406875879,,0.019999999552965164,0.0,0.0,0.0
561,0.1095636859536171,4473.72119140625,0.0065319533459842205,,,,,,,,,,,,
562,0.1095636859536171,4473.72119140625,0.0065319533459842205,,,,,,,,,,,,
563,0.1095636859536171,4473.72119140625,0.0065319533459842205,,,,,,,,,,,,
564,0.1095636859536171,4473.72119140625,0.0065319533459842205,,,,,,,,,,,,
565,0.1095636859536171,4473.72119140625,0.0065319533459842205,,,,,,,,,,,,
566,0.1095636859536171,4473.72119140625,0.0065319533459842205,,,,,,,,,,,,
567,0.1095636859536171,4473.72119140625,0.0065319533459842205,,,,,,,,,,,,
568,0.1095636859536171,4473.72119140625,0.0065319533459842205,,,,,,,,,,,,
569,0.1095636859536171,4473.72119140625,0.0065319533459842205,,,,,,,,,,,,
570,0.1095636859536171,4473.72119140625,0.0065319533459842205,1.0,0.10956399887800217,2.0,0.0,0.0,0.20000000298023224,-0.00013970998406875879,,0.019999999552965164,0.0,0.0,0.0
571,0.1095636859536171,4473.72119140625,0.0065319533459842205,,,,,,,,,,,,
572,0.1095636859536171,4473.72119140625,0.0065319533459842205,,,,,,,,,,,,
573,0.1095636859536171,4473.72119140625,0.0065319533459842205,,,,,,,,,,,,
574,0.1095636859536171,4473.72119140625,0.0065319533459842205,,,,,,,,,,,,
575,0.1095636859536171,4473.72119140625,0.0065319533459842205,,,,,,,,,,,,
576,0.1095636859536171,4473.72119140625,0.0065319533459842205,,,,,,,,,,,,
577,0.1095636859536171,4473.72119140625,0.0065319533459842205,,,,,,,,,,,,
578,0.1095636859536171,4473.72119140625,0.0065319533459842205,,,,,,,,,,,,
579,0.1095636859536171,4473.72119140625,0.0065319533459842205,,,,,,,,,,,,
580,0.1095636859536171,4473.72119140625,0.0065319533459842205,1.0,0.10956399887800217,2.0,0.0,0.0,0.20000000298023224,-0.00013970998406875879,,0.019999999552965164,0.0,0.0,0.0
581,0.1095636859536171,4473.72119140625,0.0065319533459842205,,,,,,,,,,,,
582,0.1095636859536171,4473.72119140625,0.0065319533459842205,,,,,,,,,,,,
583,0.1095636859536171,4473.72119140625,0.0065319533459842205,,,,,,,,,,,,
584,0.1095636859536171,4473.72119140625,0.0065319533459842205,,,,,,,,,,,,
585,0.1095636859536171,4473.72119140625,0.0065319533459842205,,,,,,,,,,,,
586,0.1095636859536171,4473.72119140625,0.0065319533459842205,,,,,,,,,,,,
587,0.1095636859536171,4473.72119140625,0.0065319533459842205,,,,,,,,,,,,
588,0.1095636859536171,4473.72119140625,0.0065319533459842205,,,,,,,,,,,,
589,0.1095636859536171,4473.72119140625,0.0065319533459842205,,,,,,,,,,,,
590,0.1095636859536171,4473.72119140625,0.0065319533459842205,1.0,0.10956399887800217,2.0,0.0,0.0,0.20000000298023224,-0.00013970998406875879,,0.019999999552965164,0.0,0.0,0.0
591,0.1095636859536171,4473.72119140625,0.0065319533459842205,,,,,,,,,,,,
592,0.1095636859536171,4473.72119140625,0.0065319533459842205,,,,,,,,,,,,
593,0.1095636859536171,4473.72119140625,0.0065319533459842205,,,,,,,,,,,,
594,0.1095636859536171,4473.72119140625,0.0065319533459842205,,,,,,,,,,,,
595,0.1095636859536171,4473.72119140625,0.0065319533459842205,,,,,,,,,,,,
596,0.1095636859536171,4473.72119140625,0.0065319533459842205,,,,,,,,,,,,
597,0.1095636859536171,4473.72119140625,0.0065319533459842205,,,,,,,,,,,,
598,0.1095636859536171,4473.72119140625,0.0065319533459842205,,,,,,,,,,,,
599,0.1095636859536171,4473.72119140625,0.0065319533459842205,,,,,,,,,,,,
600,0.1095636859536171,4473.72119140625,0.0065319533459842205,1.0,0.10956399887800217,2.0,0.0,0.0,0.20000000298023224,-0.00013970998406875879,,0.019999999552965164,0.0,0.0,0.0
601,0.1095636859536171,4473.72119140625,0.0065319533459842205,,,,,,,,,,,,
602,0.1095636859536171,4473.72119140625,0.0065319533459842205,,,,,,,,,,,,
603,0.1095636859536171,4473.72119140625,0.0065319533459842205,,,,,,,,,,,,
604,0.1095636859536171,4473.72119140625,0.0065319533459842205,,,,,,,,,,,,
605,0.1095636859536171,4473.72119140625,0.0065319533459842205,,,,,,,,,,,,
606,0.1095636859536171,4473.72119140625,0.0065319533459842205,,,,,,,,,,,,
607,0.1095636859536171,4473.72119140625,0.0065319533459842205,,,,,,,,,,,,
608,0.1095636859536171,4473.72119140625,0.0065319533459842205,,,,,,,,,,,,
609,0.1095636859536171,4473.72119140625,0.0065319533459842205,,,,,,,,,,,,
610,0.1095636859536171,4473.72119140625,0.0065319533459842205,1.0,0.10956399887800217,2.0,0.0,0.0,0.20000000298023224,-0.00013970998406875879,,0.019999999552965164,0.0,0.0,0.0
611,0.1095636859536171,4473.72119140625,0.0065319533459842205,,,,,,,,,,,,
612,0.1095636859536171,4473.72119140625,0.0065319533459842205,,,,,,,,,,,,
613,0.1095636859536171,4473.72119140625,0.0065319533459842205,,,,,,,,,,,,
614,0.1095636859536171,4473.72119140625,0.0065319533459842205,,,,,,,,,,,,
615,0.1095636859536171,4473.72119140625,0.0065319533459842205,,,,,,,,,,,,
616,0.1095636859536171,4473.72119140625,0.0065319533459842205,,,,,,,,,,,,
617,0.1095636859536171,4473.72119140625,0.0065319533459842205,,,,,,,,,,,,
618,0.1095636859536171,4473.72119140625,0.0065319533459842205,,,,,,,,,,,,
619,0.1095636859536171,4473.72119140625,0.0065319533459842205,,,,,,,,,,,,
620,0.1095636859536171,4473.72119140625,0.0065319533459842205,1.0,0.10956399887800217,2.0,0.0,0.0,0.20000000298023224,-0.00013970998406875879,,0.019999999552965164,0.0,0.0,0.0
621,0.1095636859536171,4473.72119140625,0.0065319533459842205,,,,,,,,,,,,
622,0.1095636859536171,4473.72119140625,0.0065319533459842205,,,,,,,,,,,,
623,0.1095636859536171,4473.72119140625,0.0065319533459842205,,,,,,,,,,,,
624,0.1095636859536171,4473.72119140625,0.0065319533459842205,,,,,,,,,,,,
625,0.1095636859536171,4473.72119140625,0.0065319533459842205,,,,,,,,,,,,
626,0.1095636859536171,4473.72119140625,0.0065319533459842205,,,,,,,,,,,,
627,0.1095636859536171,4473.72119140625,0.0065319533459842205,,,,,,,,,,,,
628,0.1095636859536171,4473.72119140625,0.0065319533459842205,,,,,,,,,,,,
629,0.1095636859536171,4473.72119140625,0.0065319533459842205,,,,,,,,,,,,
630,0.1095636859536171,4473.72119140625,0.0065319533459842205,1.0,0.10956399887800217,2.0,0.0,0.0,0.20000000298023224,-0.00013970998406875879,,0.019999999552965164,0.0,0.0,0.0
631,0.1095636859536171,4473.72119140625,0.0065319533459842205,,,,,,,,,,,,
632,0.1095636859536171,4473.72119140625,0.0065319533459842205,,,,,,,,,,,,
633,0.1095636859536171,4473.72119140625,0.0065319533459842205,,,,,,,,,,,,
634,0.1095636859536171,4473.72119140625,0.0065319533459842205,,,,,,,,,,,,
635,0.1095636859536171,4473.72119140625,0.0065319533459842205,,,,,,,,,,,,
636,0.1095636859536171,4473.72119140625,0.0065319533459842205,,,,,,,,,,,,
637,0.1095636859536171,4473.72119140625,0.0065319533459842205,,,,,,,,,,,,
638,0.1095636859536171,4473.72119140625,0.0065319533459842205,,,,,,,,,,,,
639,0.1095636859536171,4473.72119140625,0.0065319533459842205,,,,,,,,,,,,
640,0.1095636859536171,4473.72119140625,0.0065319533459842205,1.0,0.10956399887800217,2.0,0.0,0.0,0.20000000298023224,-0.00013970998406875879,,0.019999999552965164,0.0,0.0,0.0
641,0.1095636859536171,4473.72119140625,0.0065319533459842205,,,,,,,,,,,,
642,0.1095636859536171,4473.72119140625,0.0065319533459842205,,,,,,,,,,,,
643,0.1095636859536171,4473.72119140625,0.0065319533459842205,,,,,,,,,,,,
644,0.1095636859536171,4473.72119140625,0.0065319533459842205,,,,,,,,,,,,
645,0.1095636859536171,4473.72119140625,0.0065319533459842205,,,,,,,,,,,,
646,0.1095636859536171,4473.72119140625,0.0065319533459842205,,,,,,,,,,,,
647,0.1095636859536171,4473.72119140625,0.0065319533459842205,,,,,,,,,,,,
648,0.1095636859536171,4473.72119140625,0.0065319533459842205,,,,,,,,,,,,
649,0.1095636859536171,4473.72119140625,0.0065319533459842205,,,,,,,,,,,,
650,0.1095636859536171,4473.72119140625,0.0065319533459842205,1.0,0.10956399887800217,2.0,0.0,0.0,0.20000000298023224,-0.00013970998406875879,,0.019999999552965164,0.0,0.0,0.0
651,0.1095636859536171,4473.72119140625,0.0065319533459842205,,,,,,,,,,,,
652,0.1095636859536171,4473.72119140625,0.0065319533459842205,,,,,,,,,,,,
653,0.1095636859536171,4473.72119140625,0.0065319533459842205,,,,,,,,,,,,
654,0.1095636859536171,4473.72119140625,0.0065319533459842205,,,,,,,,,,,,
655,0.1095636859536171,4473.72119140625,0.0065319533459842205,,,,,,,,,,,,
656,0.1095636859536171,4473.72119140625,0.0065319533459842205,,,,,,,,,,,,
657,0.1095636859536171,4473.72119140625,0.0065319533459842205,,,,,,,,,,,,
658,0.1095636859536171,4473.72119140625,0.0065319533459842205,,,,,,,,,,,,
659,0.1095636859536171,4473.72119140625,0.0065319533459842205,,,,,,,,,,,,
660,0.1095636859536171,4473.72119140625,0.0065319533459842205,1.0,0.10956399887800217,2.0,0.0,0.0,0.20000000298023224,-0.00013970998406875879,,0.019999999552965164,0.0,0.0,0.0
661,0.1095636859536171,4473.72119140625,0.0065319533459842205,,,,,,,,,,,,
662,0.1095636859536171,4473.72119140625,0.0065319533459842205,,,,,,,,,,,,
663,0.1095636859536171,4473.72119140625,0.0065319533459842205,,,,,,,,,,,,
664,0.1095636859536171,4473.72119140625,0.0065319533459842205,,,,,,,,,,,,
665,0.1095636859536171,4473.72119140625,0.0065319533459842205,,,,,,,,,,,,
666,0.1095636859536171,4473.72119140625,0.0065319533459842205,,,,,,,,,,,,
667,0.1095636859536171,4473.72119140625,0.0065319533459842205,,,,,,,,,,,,
668,0.1095636859536171,4473.72119140625,0.0065319533459842205,,,,,,,,,,,,
669,0.1095636859536171,4473.72119140625,0.0065319533459842205,,,,,,,,,,,,
670,0.1095636859536171,4473.72119140625,0.0065319533459842205,1.0,0.10956399887800217,2.0,0.0,0.0,0.20000000298023224,-0.00013970998406875879,,0.019999999552965164,0.0,0.0,0.0
671,0.1095636859536171,4473.72119140625,0.0065319533459842205,,,,,,,,,,,,
672,0.1095636859536171,4473.72119140625,0.0065319533459842205,,,,,,,,,,,,
673,0.1095636859536171,4473.72119140625,0.0065319533459842205,,,,,,,,,,,,
674,0.1095636859536171,4473.72119140625,0.0065319533459842205,,,,,,,,,,,,
675,0.1095636859536171,4473.72119140625,0.0065319533459842205,,,,,,,,,,,,
676,0.1095636859536171,4473.72119140625,0.0065319533459842205,,,,,,,,,,,,
677,0.1095636859536171,4473.72119140625,0.0065319533459842205,,,,,,,,,,,,
678,0.1095636859536171,4473.72119140625,0.0065319533459842205,,,,,,,,,,,,
679,0.1095636859536171,4473.72119140625,0.0065319533459842205,,,,,,,,,,,,
680,0.1095636859536171,4473.72119140625,0.0065319533459842205,1.0,0.10956399887800217,2.0,0.0,0.0,0.20000000298023224,-0.00013970998406875879,,0.019999999552965164,0.0,0.0,0.0
681,0.1095636859536171,4473.72119140625,0.0065319533459842205,,,,,,,,,,,,
682,0.1095636859536171,4473.72119140625,0.0065319533459842205,,,,,,,,,,,,
683,0.1095636859536171,4473.72119140625,0.0065319533459842205,,,,,,,,,,,,
684,0.1095636859536171,4473.72119140625,0.0065319533459842205,,,,,,,,,,,,
685,0.1095636859536171,4473.72119140625,0.0065319533459842205,,,,,,,,,,,,
686,0.1095636859536171,4473.72119140625,0.0065319533459842205,,,,,,,,,,,,
687,0.1095636859536171,4473.72119140625,0.0065319533459842205,,,,,,,,,,,,
688,0.1095636859536171,4473.72119140625,0.0065319533459842205,,,,,,,,,,,,
689,0.1095636859536171,4473.72119140625,0.0065319533459842205,,,,,,,,,,,,
690,0.1095636859536171,4473.72119140625,0.0065319533459842205,1.0,0.10956399887800217,2.0,0.0,0.0,0.20000000298023224,-0.00013970998406875879,,0.019999999552965164,0.0,0.0,0.0
691,0.1095636859536171,4473.72119140625,0.0065319533459842205,,,,,,,,,,,,
692,0.1095636859536171,4473.72119140625,0.0065319533459842205,,,,,,,,,,,,
693,0.1095636859536171,4473.72119140625,0.0065319533459842205,,,,,,,,,,,,
694,0.1095636859536171,4473.72119140625,0.0065319533459842205,,,,,,,,,,,,
695,0.1095636859536171,4473.72119140625,0.0065319533459842205,,,,,,,,,,,,
696,0.1095636859536171,4473.72119140625,0.0065319533459842205,,,,,,,,,,,,
697,0.1095636859536171,4473.72119140625,0.0065319533459842205,,,,,,,,,,,,
698,0.1095636859536171,4473.72119140625,0.0065319533459842205,,,,,,,,,,,,
699,0.1095636859536171,4473.72119140625,0.0065319533459842205,,,,,,,,,,,,
700,0.1095636859536171,4473.72119140625,0.0065319533459842205,1.0,0.10956399887800217,2.0,0.0,0.0,0.20000000298023224,-0.00013970998406875879,,0.019999999552965164,0.0,0.0,0.0
701,0.1095636859536171,4473.72119140625,0.0065319533459842205,,,,,,,,,,,,
702,0.1095636859536171,4473.72119140625,0.0065319533459842205,,,,,,,,,,,,
703,0.1095636859536171,4473.72119140625,0.0065319533459842205,,,,,,,,,,,,
704,0.1095636859536171,4473.72119140625,0.0065319533459842205,,,,,,,,,,,,
705,0.1095636859536171,4473.72119140625,0.0065319533459842205,,,,,,,,,,,,
706,0.1095636859536171,4473.72119140625,0.0065319533459842205,,,,,,,,,,,,
707,0.1095636859536171,4473.72119140625,0.0065319533459842205,,,,,,,,,,,,
708,0.1095636859536171,4473.72119140625,0.0065319533459842205,,,,,,,,,,,,
709,0.1095636859536171,4473.72119140625,0.0065319533459842205,,,,,,,,,,,,
710,0.1095636859536171,4473.72119140625,0.0065319533459842205,1.0,0.10956399887800217,2.0,0.0,0.0,0.20000000298023224,-0.00013970998406875879,,0.019999999552965164,0.0,0.0,0.0
711,0.1095636859536171,4473.72119140625,0.0065319533459842205,,,,,,,,,,,,
712,0.1095636859536171,4473.72119140625,0.0065319533459842205,,,,,,,,,,,,
713,0.1095636859536171,4473.72119140625,0.0065319533459842205,,,,,,,,,,,,
714,0.1095636859536171,4473.72119140625,0.0065319533459842205,,,,,,,,,,,,
715,0.1095636859536171,4473.72119140625,0.0065319533459842205,,,,,,,,,,,,
716,0.1095636859536171,4473.72119140625,0.0065319533459842205,,,,,,,,,,,,
717,0.1095636859536171,4473.72119140625,0.0065319533459842205,,,,,,,,,,,,
718,0.1095636859536171,4473.72119140625,0.0065319533459842205,,,,,,,,,,,,
719,0.1095636859536171,4473.72119140625,0.0065319533459842205,,,,,,,,,,,,
720,0.1095636859536171,4473.72119140625,0.0065319533459842205,1.0,0.10956399887800217,2.0,0.0,0.0,0.20000000298023224,-0.00013970998406875879,,0.019999999552965164,0.0,0.0,0.0
721,0.1095636859536171,4473.72119140625,0.0065319533459842205,,,,,,,,,,,,
722,0.1095636859536171,4473.72119140625,0.0065319533459842205,,,,,,,,,,,,
723,0.1095636859536171,4473.72119140625,0.0065319533459842205,,,,,,,,,,,,
724,0.1095636859536171,4473.72119140625,0.0065319533459842205,,,,,,,,,,,,
725,0.1095636859536171,4473.72119140625,0.0065319533459842205,,,,,,,,,,,,
726,0.1095636859536171,4473.72119140625,0.0065319533459842205,,,,,,,,,,,,
727,0.1095636859536171,4473.72119140625,0.0065319533459842205,,,,,,,,,,,,
728,0.1095636859536171,4473.72119140625,0.0065319533459842205,,,,,,,,,,,,
729,0.1095636859536171,4473.72119140625,0.0065319533459842205,,,,,,,,,,,,
730,0.1095636859536171,4473.72119140625,0.0065319533459842205,1.0,0.10956399887800217,2.0,0.0,0.0,0.20000000298023224,-0.00013970998406875879,,0.019999999552965164,0.0,0.0,0.0
731,0.1095636859536171,4473.72119140625,0.0065319533459842205,,,,,,,,,,,,
732,0.1095636859536171,4473.72119140625,0.0065319533459842205,,,,,,,,,,,,
733,0.1095636859536171,4473.72119140625,0.0065319533459842205,,,,,,,,,,,,
734,0.1095636859536171,4473.72119140625,0.0065319533459842205,,,,,,,,,,,,
735,0.1095636859536171,4473.72119140625,0.0065319533459842205,,,,,,,,,,,,
736,0.1095636859536171,4473.72119140625,0.0065319533459842205,,,,,,,,,,,,
737,0.1095636859536171,4473.72119140625,0.0065319533459842205,,,,,,,,,,,,
738,0.1095636859536171,4473.72119140625,0.0065319533459842205,,,,,,,,,,,,
739,0.1095636859536171,4473.72119140625,0.0065319533459842205,,,,,,,,,,,,
740,0.1095636859536171,4473.72119140625,0.0065319533459842205,1.0,0.10956399887800217,2.0,0.0,0.0,0.20000000298023224,-0.00013970998406875879,,0.019999999552965164,0.0,0.0,0.0
741,0.1095636859536171,4473.72119140625,0.0065319533459842205,,,,,,,,,,,,
742,0.1095636859536171,4473.72119140625,0.0065319533459842205,,,,,,,,,,,,
743,0.1095636859536171,4473.72119140625,0.0065319533459842205,,,,,,,,,,,,
744,0.1095636859536171,4473.72119140625,0.0065319533459842205,,,,,,,,,,,,
745,0.1095636859536171,4473.72119140625,0.0065319533459842205,,,,,,,,,,,,
746,0.1095636859536171,4473.72119140625,0.0065319533459842205,,,,,,,,,,,,
747,0.1095636859536171,4473.72119140625,0.0065319533459842205,,,,,,,,,,,,
748,0.1095636859536171,4473.72119140625,0.0065319533459842205,,,,,,,,,,,,
749,0.1095636859536171,4473.72119140625,0.0065319533459842205,,,,,,,,,,,,
750,0.1095636859536171,4473.72119140625,0.0065319533459842205,1.0,0.10956399887800217,2.0,0.0,0.0,0.20000000298023224,-0.00013970998406875879,,0.019999999552965164,0.0,0.0,0.0
751,0.1095636859536171,4473.72119140625,0.0065319533459842205,,,,,,,,,,,,
752,0.1095636859536171,4473.72119140625,0.0065319533459842205,,,,,,,,,,,,
753,0.1095636859536171,4473.72119140625,0.0065319533459842205,,,,,,,,,,,,
754,0.1095636859536171,4473.72119140625,0.0065319533459842205,,,,,,,,,,,,
755,0.1095636859536171,4473.72119140625,0.0065319533459842205,,,,,,,,,,,,
756,0.1095636859536171,4473.72119140625,0.0065319533459842205,,,,,,,,,,,,
757,0.1095636859536171,4473.72119140625,0.0065319533459842205,,,,,,,,,,,,
758,0.1095636859536171,4473.72119140625,0.0065319533459842205,,,,,,,,,,,,
759,0.1095636859536171,4473.72119140625,0.0065319533459842205,,,,,,,,,,,,
760,0.1095636859536171,4473.72119140625,0.0065319533459842205,1.0,0.10956399887800217,2.0,0.0,0.0,0.20000000298023224,-0.00013970998406875879,,0.019999999552965164,0.0,0.0,0.0
761,0.1095636859536171,4473.72119140625,0.0065319533459842205,,,,,,,,,,,,
762,0.1095636859536171,4473.72119140625,0.0065319533459842205,,,,,,,,,,,,
763,0.1095636859536171,4473.72119140625,0.0065319533459842205,,,,,,,,,,,,
764,0.1095636859536171,4473.72119140625,0.0065319533459842205,,,,,,,,,,,,
765,0.1095636859536171,4473.72119140625,0.0065319533459842205,,,,,,,,,,,,
766,0.1095636859536171,4473.72119140625,0.0065319533459842205,,,,,,,,,,,,
767,0.1095636859536171,4473.72119140625,0.0065319533459842205,,,,,,,,,,,,
768,0.1095636859536171,4473.72119140625,0.0065319533459842205,,,,,,,,,,,,
769,0.1095636859536171,4473.72119140625,0.0065319533459842205,,,,,,,,,,,,
770,0.1095636859536171,4473.72119140625,0.0065319533459842205,1.0,0.10956399887800217,2.0,0.0,0.0,0.20000000298023224,-0.00013970998406875879,,0.019999999552965164,0.0,0.0,0.0
771,0.1095636859536171,4473.72119140625,0.0065319533459842205,,,,,,,,,,,,
772,0.1095636859536171,4473.72119140625,0.0065319533459842205,,,,,,,,,,,,
773,0.1095636859536171,4473.72119140625,0.0065319533459842205,,,,,,,,,,,,
774,0.1095636859536171,4473.72119140625,0.0065319533459842205,,,,,,,,,,,,
775,0.1095636859536171,4473.72119140625,0.0065319533459842205,,,,,,,,,,,,
776,0.1095636859536171,4473.72119140625,0.0065319533459842205,,,,,,,,,,,,
777,0.1095636859536171,4473.72119140625,0.0065319533459842205,,,,,,,,,,,,
778,0.1095636859536171,4473.72119140625,0.0065319533459842205,,,,,,,,,,,,
779,0.1095636859536171,4473.72119140625,0.0065319533459842205,,,,,,,,,,,,
780,0.1095636859536171,4473.72119140625,0.0065319533459842205,1.0,0.10956399887800217,2.0,0.0,0.0,0.20000000298023224,-0.00013970998406875879,,0.019999999552965164,0.0,0.0,0.0
781,0.1095636859536171,4473.72119140625,0.0065319533459842205,,,,,,,,,,,,
782,0.1095636859536171,4473.72119140625,0.0065319533459842205,,,,,,,,,,,,
783,0.1095636859536171,4473.72119140625,0.0065319533459842205,,,,,,,,,,,,
784,0.1095636859536171,4473.72119140625,0.0065319533459842205,,,,,,,,,,,,
785,0.1095636859536171,4473.72119140625,0.0065319533459842205,,,,,,,,,,,,
786,0.1095636859536171,4473.72119140625,0.0065319533459842205,,,,,,,,,,,,
787,0.1095636859536171,4473.72119140625,0.0065319533459842205,,,,,,,,,,,,
788,0.1095636859536171,4473.72119140625,0.0065319533459842205,,,,,,,,,,,,
789,0.1095636859536171,4473.72119140625,0.0065319533459842205,,,,,,,,,,,,
790,0.1095636859536171,4473.72119140625,0.0065319533459842205,1.0,0.10956399887800217,2.0,0.0,0.0,0.20000000298023224,-0.00013970998406875879,,0.019999999552965164,0.0,0.0,0.0
791,0.1095636859536171,4473.72119140625,0.0065319533459842205,,,,,,,,,,,,
792,0.1095636859536171,4473.72119140625,0.0065319533459842205,,,,,,,,,,,,
793,0.1095636859536171,4473.72119140625,0.0065319533459842205,,,,,,,,,,,,
794,0.1095636859536171,4473.72119140625,0.0065319533459842205,,,,,,,,,,,,
795,0.1095636859536171,4473.72119140625,0.0065319533459842205,,,,,,,,,,,,
796,0.1095636859536171,4473.72119140625,0.0065319533459842205,,,,,,,,,,,,
797,0.1095636859536171,4473.72119140625,0.0065319533459842205,,,,,,,,,,,,
798,0.1095636859536171,4473.72119140625,0.0065319533459842205,,,,,,,,,,,,
799,0.1095636859536171,4473.72119140625,0.0065319533459842205,,,,,,,,,,,,
800,0.1095636859536171,4473.72119140625,0.0065319533459842205,1.0,0.10956399887800217,2.0,0.0,0.0,0.20000000298023224,-0.00013970998406875879,,0.019999999552965164,0.0,0.0,0.0
801,0.1095636859536171,4473.72119140625,0.0065319533459842205,,,,,,,,,,,,
802,0.1095636859536171,4473.72119140625,0.0065319533459842205,,,,,,,,,,,,
803,0.1095636859536171,4473.72119140625,0.0065319533459842205,,,,,,,,,,,,
804,0.1095636859536171,4473.72119140625,0.0065319533459842205,,,,,,,,,,,,
805,0.1095636859536171,4473.72119140625,0.0065319533459842205,,,,,,,,,,,,
806,0.1095636859536171,4473.72119140625,0.0065319533459842205,,,,,,,,,,,,
807,0.1095636859536171,4473.72119140625,0.0065319533459842205,,,,,,,,,,,,
808,0.1095636859536171,4473.72119140625,0.0065319533459842205,,,,,,,,,,,,
809,0.1095636859536171,4473.72119140625,0.0065319533459842205,,,,,,,,,,,,
810,0.1095636859536171,4473.72119140625,0.0065319533459842205,1.0,0.10956399887800217,2.0,0.0,0.0,0.20000000298023224,-0.00013970998406875879,,0.019999999552965164,0.0,0.0,0.0
811,0.1095636859536171,4473.72119140625,0.0065319533459842205,,,,,,,,,,,,
812,0.1095636859536171,4473.72119140625,0.0065319533459842205,,,,,,,,,,,,
813,0.1095636859536171,4473.72119140625,0.0065319533459842205,,,,,,,,,,,,
814,0.1095636859536171,4473.72119140625,0.0065319533459842205,,,,,,,,,,,,
815,0.1095636859536171,4473.72119140625,0.0065319533459842205,,,,,,,,,,,,
816,0.1095636859536171,4473.72119140625,0.0065319533459842205,,,,,,,,,,,,
817,0.1095636859536171,4473.72119140625,0.0065319533459842205,,,,,,,,,,,,
818,0.1095636859536171,4473.72119140625,0.0065319533459842205,,,,,,,,,,,,
819,0.1095636859536171,4473.72119140625,0.0065319533459842205,,,,,,,,,,,,
820,0.1095636859536171,4473.72119140625,0.0065319533459842205,1.0,0.10956399887800217,2.0,0.0,0.0,0.20000000298023224,-0.00013970998406875879,,0.019999999552965164,0.0,0.0,0.0
821,0.1095636859536171,4473.72119140625,0.0065319533459842205,,,,,,,,,,,,
822,0.1095636859536171,4473.72119140625,0.0065319533459842205,,,,,,,,,,,,
823,0.1095636859536171,4473.72119140625,0.0065319533459842205,,,,,,,,,,,,
824,0.1095636859536171,4473.72119140625,0.0065319533459842205,,,,,,,,,,,,
825,0.1095636859536171,4473.72119140625,0.0065319533459842205,,,,,,,,,,,,
826,0.1095636859536171,4473.72119140625,0.0065319533459842205,,,,,,,,,,,,
827,0.1095636859536171,4473.72119140625,0.0065319533459842205,,,,,,,,,,,,
828,0.1095636859536171,4473.72119140625,0.0065319533459842205,,,,,,,,,,,,
829,0.1095636859536171,4473.72119140625,0.0065319533459842205,,,,,,,,,,,,
830,0.1095636859536171,4473.72119140625,0.0065319533459842205,1.0,0.10956399887800217,2.0,0.0,0.0,0.20000000298023224,-0.00013970998406875879,,0.019999999552965164,0.0,0.0,0.0
831,0.1095636859536171,4473.72119140625,0.0065319533459842205,,,,,,,,,,,,
832,0.1095636859536171,4473.72119140625,0.0065319533459842205,,,,,,,,,,,,
833,0.1095636859536171,4473.72119140625,0.0065319533459842205,,,,,,,,,,,,
834,0.1095636859536171,4473.72119140625,0.0065319533459842205,,,,,,,,,,,,
835,0.1095636859536171,4473.72119140625,0.0065319533459842205,,,,,,,,,,,,
836,0.1095636859536171,4473.72119140625,0.0065319533459842205,,,,,,,,,,,,
837,0.1095636859536171,4473.72119140625,0.0065319533459842205,,,,,,,,,,,,
838,0.1095636859536171,4473.72119140625,0.0065319533459842205,,,,,,,,,,,,
839,0.1095636859536171,4473.72119140625,0.0065319533459842205,,,,,,,,,,,,
840,0.1095636859536171,4473.72119140625,0.0065319533459842205,1.0,0.10956399887800217,2.0,0.0,0.0,0.20000000298023224,-0.00013970998406875879,,0.019999999552965164,0.0,0.0,0.0
841,0.1095636859536171,4473.72119140625,0.0065319533459842205,,,,,,,,,,,,
842,0.1095636859536171,4473.72119140625,0.0065319533459842205,,,,,,,,,,,,
843,0.1095636859536171,4473.72119140625,0.0065319533459842205,,,,,,,,,,,,
844,0.1095636859536171,4473.72119140625,0.0065319533459842205,,,,,,,,,,,,
845,0.1095636859536171,4473.72119140625,0.0065319533459842205,,,,,,,,,,,,
846,0.1095636859536171,4473.72119140625,0.0065319533459842205,,,,,,,,,,,,
847,0.1095636859536171,4473.72119140625,0.0065319533459842205,,,,,,,,,,,,
848,0.1095636859536171,4473.72119140625,0.0065319533459842205,,,,,,,,,,,,
849,0.1095636859536171,4473.72119140625,0.0065319533459842205,,,,,,,,,,,,
850,0.1095636859536171,4473.72119140625,0.0065319533459842205,1.0,0.10956399887800217,2.0,0.0,0.0,0.20000000298023224,-0.00013970998406875879,,0.019999999552965164,0.0,0.0,0.0
851,0.1095636859536171,4473.72119140625,0.0065319533459842205,,,,,,,,,,,,
852,0.1095636859536171,4473.72119140625,0.0065319533459842205,,,,,,,,,,,,
853,0.1095636859536171,4473.72119140625,0.0065319533459842205,,,,,,,,,,,,
854,0.1095636859536171,4473.72119140625,0.0065319533459842205,,,,,,,,,,,,
855,0.1095636859536171,4473.72119140625,0.0065319533459842205,,,,,,,,,,,,
856,0.1095636859536171,4473.72119140625,0.0065319533459842205,,,,,,,,,,,,
857,0.1095636859536171,4473.72119140625,0.0065319533459842205,,,,,,,,,,,,
858,0.1095636859536171,4473.72119140625,0.0065319533459842205,,,,,,,,,,,,
859,0.1095636859536171,4473.72119140625,0.0065319533459842205,,,,,,,,,,,,
860,0.1095636859536171,4473.72119140625,0.0065319533459842205,1.0,0.10956399887800217,2.0,0.0,0.0,0.20000000298023224,-0.00013970998406875879,,0.019999999552965164,0.0,0.0,0.0
861,0.1095636859536171,4473.72119140625,0.0065319533459842205,,,,,,,,,,,,
862,0.1095636859536171,4473.72119140625,0.0065319533459842205,,,,,,,,,,,,
863,0.1095636859536171,4473.72119140625,0.0065319533459842205,,,,,,,,,,,,
864,0.1095636859536171,4473.72119140625,0.0065319533459842205,,,,,,,,,,,,
865,0.1095636859536171,4473.72119140625,0.0065319533459842205,,,,,,,,,,,,
866,0.1095636859536171,4473.72119140625,0.0065319533459842205,,,,,,,,,,,,
867,0.1095636859536171,4473.72119140625,0.0065319533459842205,,,,,,,,,,,,
868,0.1095636859536171,4473.72119140625,0.0065319533459842205,,,,,,,,,,,,
869,0.1095636859536171,4473.72119140625,0.0065319533459842205,,,,,,,,,,,,
870,0.1095636859536171,4473.72119140625,0.0065319533459842205,1.0,0.10956399887800217,2.0,0.0,0.0,0.20000000298023224,-0.00013970998406875879,,0.019999999552965164,0.0,0.0,0.0
871,0.1095636859536171,4473.72119140625,0.0065319533459842205,,,,,,,,,,,,
872,0.1095636859536171,4473.72119140625,0.0065319533459842205,,,,,,,,,,,,
873,0.1095636859536171,4473.72119140625,0.0065319533459842205,,,,,,,,,,,,
874,0.1095636859536171,4473.72119140625,0.0065319533459842205,,,,,,,,,,,,
875,0.1095636859536171,4473.72119140625,0.0065319533459842205,,,,,,,,,,,,
876,0.1095636859536171,4473.72119140625,0.0065319533459842205,,,,,,,,,,,,
877,0.1095636859536171,4473.72119140625,0.0065319533459842205,,,,,,,,,,,,
878,0.1095636859536171,4473.72119140625,0.0065319533459842205,,,,,,,,,,,,
879,0.1095636859536171,4473.72119140625,0.0065319533459842205,,,,,,,,,,,,
880,0.1095636859536171,4473.72119140625,0.0065319533459842205,1.0,0.10956399887800217,2.0,0.0,0.0,0.20000000298023224,-0.00013970998406875879,,0.019999999552965164,0.0,0.0,0.0
881,0.1095636859536171,4473.72119140625,0.0065319533459842205,,,,,,,,,,,,
882,0.1095636859536171,4473.72119140625,0.0065319533459842205,,,,,,,,,,,,
883,0.1095636859536171,4473.72119140625,0.0065319533459842205,,,,,,,,,,,,
884,0.1095636859536171,4473.72119140625,0.0065319533459842205,,,,,,,,,,,,
885,0.1095636859536171,4473.72119140625,0.0065319533459842205,,,,,,,,,,,,
886,0.1095636859536171,4473.72119140625,0.0065319533459842205,,,,,,,,,,,,
887,0.1095636859536171,4473.72119140625,0.0065319533459842205,,,,,,,,,,,,
888,0.1095636859536171,4473.72119140625,0.0065319533459842205,,,,,,,,,,,,
889,0.1095636859536171,4473.72119140625,0.0065319533459842205,,,,,,,,,,,,
890,0.1095636859536171,4473.72119140625,0.0065319533459842205,1.0,0.10956399887800217,2.0,0.0,0.0,0.20000000298023224,-0.00013970998406875879,,0.019999999552965164,0.0,0.0,0.0
891,0.1095636859536171,4473.72119140625,0.0065319533459842205,,,,,,,,,,,,
892,0.1095636859536171,4473.72119140625,0.0065319533459842205,,,,,,,,,,,,
893,0.1095636859536171,4473.72119140625,0.0065319533459842205,,,,,,,,,,,,
894,0.1095636859536171,4473.72119140625,0.0065319533459842205,,,,,,,,,,,,
895,0.1095636859536171,4473.72119140625,0.0065319533459842205,,,,,,,,,,,,
896,0.1095636859536171,4473.72119140625,0.0065319533459842205,,,,,,,,,,,,
897,0.1095636859536171,4473.72119140625,0.0065319533459842205,,,,,,,,,,,,
898,0.1095636859536171,4473.72119140625,0.0065319533459842205,,,,,,,,,,,,
899,0.1095636859536171,4473.72119140625,0.0065319533459842205,,,,,,,,,,,,
900,0.1095636859536171,4473.72119140625,0.0065319533459842205,1.0,0.10956399887800217,2.0,0.0,0.0,0.20000000298023224,-0.00013970998406875879,,0.019999999552965164,0.0,0.0,0.0
901,0.1095636859536171,4473.72119140625,0.0065319533459842205,,,,,,,,,,,,
902,0.1095636859536171,4473.72119140625,0.0065319533459842205,,,,,,,,,,,,
903,0.1095636859536171,4473.72119140625,0.0065319533459842205,,,,,,,,,,,,
904,0.1095636859536171,4473.72119140625,0.0065319533459842205,,,,,,,,,,,,
905,0.1095636859536171,4473.72119140625,0.0065319533459842205,,,,,,,,,,,,
906,0.1095636859536171,4473.72119140625,0.0065319533459842205,,,,,,,,,,,,
907,0.1095636859536171,4473.72119140625,0.0065319533459842205,,,,,,,,,,,,
908,0.1095636859536171,4473.72119140625,0.0065319533459842205,,,,,,,,,,,,
909,0.1095636859536171,4473.72119140625,0.0065319533459842205,,,,,,,,,,,,
910,0.1095636859536171,4473.72119140625,0.0065319533459842205,1.0,0.10956399887800217,2.0,0.0,0.0,0.20000000298023224,-0.00013970998406875879,,0.019999999552965164,0.0,0.0,0.0
911,0.1095636859536171,4473.72119140625,0.0065319533459842205,,,,,,,,,,,,
912,0.1095636859536171,4473.72119140625,0.0065319533459842205,,,,,,,,,,,,
913,0.1095636859536171,4473.72119140625,0.0065319533459842205,,,,,,,,,,,,
914,0.1095636859536171,4473.72119140625,0.0065319533459842205,,,,,,,,,,,,
915,0.1095636859536171,4473.72119140625,0.0065319533459842205,,,,,,,,,,,,
916,0.1095636859536171,4473.72119140625,0.0065319533459842205,,,,,,,,,,,,
917,0.1095636859536171,4473.72119140625,0.0065319533459842205,,,,,,,,,,,,
918,0.1095636859536171,4473.72119140625,0.0065319533459842205,,,,,,,,,,,,
919,0.1095636859536171,4473.72119140625,0.0065319533459842205,,,,,,,,,,,,
920,0.1095636859536171,4473.72119140625,0.0065319533459842205,1.0,0.10956399887800217,2.0,0.0,0.0,0.20000000298023224,-0.00013970998406875879,,0.019999999552965164,0.0,0.0,0.0
921,0.1095636859536171,4473.72119140625,0.0065319533459842205,,,,,,,,,,,,
922,0.1095636859536171,4473.72119140625,0.0065319533459842205,,,,,,,,,,,,
923,0.1095636859536171,4473.72119140625,0.0065319533459842205,,,,,,,,,,,,
924,0.1095636859536171,4473.72119140625,0.0065319533459842205,,,,,,,,,,,,
925,0.1095636859536171,4473.72119140625,0.0065319533459842205,,,,,,,,,,,,
926,0.1095636859536171,4473.72119140625,0.0065319533459842205,,,,,,,,,,,,
927,0.1095636859536171,4473.72119140625,0.0065319533459842205,,,,,,,,,,,,
928,0.1095636859536171,4473.72119140625,0.0065319533459842205,,,,,,,,,,,,
929,0.1095636859536171,4473.72119140625,0.0065319533459842205,,,,,,,,,,,,
930,0.1095636859536171,4473.72119140625,0.0065319533459842205,1.0,0.10956399887800217,2.0,0.0,0.0,0.20000000298023224,-0.00013970998406875879,,0.019999999552965164,0.0,0.0,0.0
931,0.1095636859536171,4473.72119140625,0.0065319533459842205,,,,,,,,,,,,
932,0.1095636859536171,4473.72119140625,0.0065319533459842205,,,,,,,,,,,,
933,0.1095636859536171,4473.72119140625,0.0065319533459842205,,,,,,,,,,,,
934,0.1095636859536171,4473.72119140625,0.0065319533459842205,,,,,,,,,,,,
935,0.1095636859536171,4473.72119140625,0.0065319533459842205,,,,,,,,,,,,
936,0.1095636859536171,4473.72119140625,0.0065319533459842205,,,,,,,,,,,,
937,0.1095636859536171,4473.72119140625,0.0065319533459842205,,,,,,,,,,,,
938,0.1095636859536171,4473.72119140625,0.0065319533459842205,,,,,,,,,,,,
939,0.1095636859536171,4473.72119140625,0.0065319533459842205,,,,,,,,,,,,
940,0.1095636859536171,4473.72119140625,0.0065319533459842205,1.0,0.10956399887800217,2.0,0.0,0.0,0.20000000298023224,-0.00013970998406875879,,0.019999999552965164,0.0,0.0,0.0
941,0.1095636859536171,4473.72119140625,0.0065319533459842205,,,,,,,,,,,,
942,0.1095636859536171,4473.72119140625,0.0065319533459842205,,,,,,,,,,,,
943,0.1095636859536171,4473.72119140625,0.0065319533459842205,,,,,,,,,,,,
944,0.1095636859536171,4473.72119140625,0.0065319533459842205,,,,,,,,,,,,
945,0.1095636859536171,4473.72119140625,0.0065319533459842205,,,,,,,,,,,,
946,0.1095636859536171,4473.72119140625,0.0065319533459842205,,,,,,,,,,,,
947,0.1095636859536171,4473.72119140625,0.0065319533459842205,,,,,,,,,,,,
948,0.1095636859536171,4473.72119140625,0.0065319533459842205,,,,,,,,,,,,
949,0.1095636859536171,4473.72119140625,0.0065319533459842205,,,,,,,,,,,,
950,0.1095636859536171,4473.72119140625,0.0065319533459842205,1.0,0.10956399887800217,2.0,0.0,0.0,0.20000000298023224,-0.00013970998406875879,,0.019999999552965164,0.0,0.0,0.0
951,0.1095636859536171,4473.72119140625,0.0065319533459842205,,,,,,,,,,,,
952,0.1095636859536171,4473.72119140625,0.0065319533459842205,,,,,,,,,,,,
953,0.1095636859536171,4473.72119140625,0.0065319533459842205,,,,,,,,,,,,
954,0.1095636859536171,4473.72119140625,0.0065319533459842205,,,,,,,,,,,,
955,0.1095636859536171,4473.72119140625,0.0065319533459842205,,,,,,,,,,,,
956,0.1095636859536171,4473.72119140625,0.0065319533459842205,,,,,,,,,,,,
957,0.1095636859536171,4473.72119140625,0.0065319533459842205,,,,,,,,,,,,
958,0.1095636859536171,4473.72119140625,0.0065319533459842205,,,,,,,,,,,,
959,0.1095636859536171,4473.72119140625,0.0065319533459842205,,,,,,,,,,,,
960,0.1095636859536171,4473.72119140625,0.0065319533459842205,1.0,0.10956399887800217,2.0,0.0,0.0,0.20000000298023224,-0.00013970998406875879,,0.019999999552965164,0.0,0.0,0.0
961,0.1095636859536171,4473.72119140625,0.0065319533459842205,,,,,,,,,,,,
962,0.1095636859536171,4473.72119140625,0.0065319533459842205,,,,,,,,,,,,
963,0.1095636859536171,4473.72119140625,0.0065319533459842205,,,,,,,,,,,,
964,0.1095636859536171,4473.72119140625,0.0065319533459842205,,,,,,,,,,,,
965,0.1095636859536171,4473.72119140625,0.0065319533459842205,,,,,,,,,,,,
966,0.1095636859536171,4473.72119140625,0.0065319533459842205,,,,,,,,,,,,
967,0.1095636859536171,4473.72119140625,0.0065319533459842205,,,,,,,,,,,,
968,0.1095636859536171,4473.72119140625,0.0065319533459842205,,,,,,,,,,,,
969,0.1095636859536171,4473.72119140625,0.0065319533459842205,,,,,,,,,,,,
970,0.1095636859536171,4473.72119140625,0.0065319533459842205,1.0,0.10956399887800217,2.0,0.0,0.0,0.20000000298023224,-0.00013970998406875879,,0.019999999552965164,0.0,0.0,0.0
971,0.1095636859536171,4473.72119140625,0.0065319533459842205,,,,,,,,,,,,
972,0.1095636859536171,4473.72119140625,0.0065319533459842205,,,,,,,,,,,,
973,0.1095636859536171,4473.72119140625,0.0065319533459842205,,,,,,,,,,,,
974,0.1095636859536171,4473.72119140625,0.0065319533459842205,,,,,,,,,,,,
975,0.1095636859536171,4473.72119140625,0.0065319533459842205,,,,,,,,,,,,
976,0.1095636859536171,4473.72119140625,0.0065319533459842205,,,,,,,,,,,,
977,0.1095636859536171,4473.72119140625,0.0065319533459842205,,,,,,,,,,,,
978,0.1095636859536171,4473.72119140625,0.0065319533459842205,,,,,,,,,,,,
979,0.1095636859536171,4473.72119140625,0.0065319533459842205,,,,,,,,,,,,
980,0.1095636859536171,4473.72119140625,0.0065319533459842205,1.0,0.10956399887800217,2.0,0.0,0.0,0.20000000298023224,-0.00013970998406875879,,0.019999999552965164,0.0,0.0,0.0
981,0.1095636859536171,4473.72119140625,0.0065319533459842205,,,,,,,,,,,,
982,0.1095636859536171,4473.72119140625,0.0065319533459842205,,,,,,,,,,,,
983,0.1095636859536171,4473.72119140625,0.0065319533459842205,,,,,,,,,,,,
984,0.1095636859536171,4473.72119140625,0.0065319533459842205,,,,,,,,,,,,
985,0.1095636859536171,4473.72119140625,0.0065319533459842205,,,,,,,,,,,,
986,0.1095636859536171,4473.72119140625,0.0065319533459842205,,,,,,,,,,,,
987,0.1095636859536171,4473.72119140625,0.0065319533459842205,,,,,,,,,,,,
988,0.1095636859536171,4473.72119140625,0.0065319533459842205,,,,,,,,,,,,
989,0.1095636859536171,4473.72119140625,0.0065319533459842205,,,,,,,,,,,,
990,0.1095636859536171,4473.72119140625,0.0065319533459842205,1.0,0.10956399887800217,2.0,0.0,0.0,0.20000000298023224,-0.00013970998406875879,,0.019999999552965164,0.0,0.0,0.0
991,0.1095636859536171,4473.72119140625,0.0065319533459842205,,,,,,,,,,,,
992,0.1095636859536171,4473.72119140625,0.0065319533459842205,,,,,,,,,,,,
993,0.1095636859536171,4473.72119140625,0.0065319533459842205,,,,,,,,,,,,
994,0.1095636859536171,4473.72119140625,0.0065319533459842205,,,,,,,,,,,,
995,0.1095636859536171,4473.72119140625,0.0065319533459842205,,,,,,,,,,,,
996,0.1095636859536171,4473.72119140625,0.0065319533459842205,,,,,,,,,,,,
997,0.1095636859536171,4473.72119140625,0.0065319533459842205,,,,,,,,,,,,
998,0.1095636859536171,4473.72119140625,0.0065319533459842205,,,,,,,,,,,,
999,0.1095636859536171,4473.72119140625,0.0065319533459842205,,,,,,,,,,,,
1000,,,,1.0,0.10956399887800217,2.0,,,,,,,,,
